date,equity,rates_level,rates_slope,credit_spread,usd,oil
2021-09-20,-0.0171230204,-0.0004000000,-0.0006000000,0.0001000000,0.0030174791,-0.0235800399
2021-09-21,-0.0008126797,0.0000666667,0.0002000000,-0.0001000000,-0.0010914995,0.0014192452
2021-09-22,0.0094745407,-0.0000000000,-0.0005000000,-0.0000000000,-0.0017200130,0.0260373051
2021-09-23,0.0120617159,0.0006333333,0.0006000000,-0.0002000000,-0.0009624220,0.0145407226
2021-09-24,0.0014599428,0.0005000000,0.0005000000,-0.0001000000,0.0021709611,0.0101620006
2021-09-27,-0.0027802175,0.0001000000,-0.0002000000,-0.0002000000,-0.0001450531,0.0181677452
2021-09-28,-0.0205743216,0.0004666667,0.0008000000,0.0002000000,0.0044186201,-0.0013246790
2021-09-29,0.0015679364,0.0000666667,0.0003000000,0.0001000000,0.0040383342,-0.0050498446
2021-09-30,-0.0119812210,-0.0002000000,0.0001000000,0.0004000000,-0.0006008298,0.0021293593
2021-10-01,0.0114259522,-0.0003000000,-0.0003000000,0.0000000000,-0.0022749105,0.0104477575
2021-10-04,-0.0130709340,0.0000666667,0.0001000000,-0.0000000000,-0.0009262917,0.0217329134
2021-10-05,0.0104694590,0.0003666667,0.0004000000,-0.0001000000,0.0008003874,0.0189996152
2021-10-06,0.0040944935,-0.0000333333,-0.0004000000,0.0000000000,0.0030827158,-0.0192571149
2021-10-07,0.0082640477,0.0004000000,0.0003000000,0.0001000000,-0.0018680512,0.0102486165
2021-10-08,-0.0019155743,0.0002000000,0.0003000000,-0.0001000000,0.0008223376,0.0137968140
2021-10-12,-0.0093091605,-0.0001666667,-0.0009000000,-0.0002000000,0.0013568618,0.0149722073
2021-10-13,0.0030179782,-0.0002000000,-0.0007000000,-0.0003000000,-0.0024753017,-0.0009912032
2021-10-14,0.0169191703,-0.0002666667,-0.0002000000,0.0002000000,-0.0023194419,0.0093769965
2021-10-15,0.0074324416,0.0005000000,-0.0002000000,-0.0005000000,-0.0010057128,0.0117203148
2021-10-18,0.0033691227,-0.0000333333,-0.0007000000,-0.0004000000,-0.0008821451,0.0027877116
2021-10-19,0.0073661600,0.0003666667,0.0011000000,0.0000000000,-0.0030126949,0.0068753663
2021-10-20,0.0036573206,0.0000666667,0.0004000000,0.0003000000,-0.0012211911,0.0144402533
2021-10-21,0.0029914275,0.0003000000,-0.0004000000,-0.0001000000,0.0009730236,-0.0210735768
2021-10-22,-0.0010731550,-0.0001333333,-0.0008000000,-0.0002000000,0.0004505281,0.0226126761
2021-10-25,0.0047369422,-0.0000666667,0.0002000000,0.0001000000,-0.0005719943,0.0013004672
2021-10-26,0.0018181286,-0.0001666667,-0.0004000000,-0.0002000000,0.0006071833,0.0117454956
2021-10-27,-0.0050644005,-0.0005333333,-0.0013000000,-0.0002000000,-0.0004593134,-0.0354166546
2021-10-28,0.0097813440,0.0001333333,0.0001000000,-0.0000000000,-0.0016110233,0.0014506772
2021-10-29,0.0019474457,-0.0002333333,-0.0001000000,0.0000000000,0.0061167162,0.0086601455
2021-11-01,0.0017984504,0.0003333333,0.0003000000,-0.0000000000,0.0006288824,0.0069220947
2021-11-02,0.0036736113,-0.0002666667,0.0002000000,0.0002000000,0.0006827391,-0.0020239307
2021-11-03,0.0064405112,0.0003000000,0.0003000000,-0.0001000000,0.0006525428,-0.0375203362
2021-11-04,0.0041731721,-0.0005666667,0.0002000000,0.0003000000,-0.0000306058,-0.0242967494
2021-11-05,0.0037259083,-0.0006333333,-0.0007000000,0.0000000000,-0.0024742931,0.0296031109
2021-11-08,0.0008873068,0.0004666667,-0.0004000000,-0.0006000000,-0.0021728951,0.0087005022
2021-11-09,-0.0035048694,-0.0005000000,-0.0002000000,-0.0000000000,-0.0005589057,0.0260130275
2021-11-10,-0.0082598338,0.0009666667,-0.0001000000,-0.0001000000,0.0033908095,-0.0349597138
2021-11-12,0.0077474566,0.0002333333,0.0001000000,0.0003000000,0.0032012230,-0.0044417100
2021-11-15,-0.0000106773,0.0003666667,0.0006000000,0.0001000000,0.0006390167,-0.0002473411
2021-11-16,0.0038577581,0.0000666667,0.0000000000,0.0002000000,0.0047744423,-0.0011137926
2021-11-17,-0.0026050196,-0.0002333333,0.0000000000,0.0002000000,-0.0009532405,-0.0306787952
2021-11-18,0.0033790398,-0.0001333333,-0.0003000000,-0.0001000000,0.0003607220,0.0076316829
2021-11-19,-0.0013996280,-0.0003666667,-0.0006000000,0.0000000000,0.0013105416,-0.0362550189
2021-11-22,-0.0032022541,0.0009000000,-0.0004000000,-0.0002000000,0.0037198982,0.0082434225
2021-11-23,0.0016557072,0.0001666667,0.0007000000,0.0002000000,0.0031399504,0.0203799134
2021-11-24,0.0022912737,-0.0001666667,-0.0010000000,-0.0001000000,0.0022326233,0.0000000000
2021-11-29,-0.0098731876,-0.0011333333,0.0004000000,0.0009000000,0.0026617770,-0.1140235130
2021-11-30,-0.0191433770,-0.0005666667,-0.0010000000,0.0000000000,-0.0032123663,-0.0550057777
2021-12-01,-0.0118855501,0.0001000000,-0.0005000000,0.0000000000,-0.0027411077,-0.0106400153
2021-12-02,0.0140946257,0.0002333333,-0.0008000000,-0.0001000000,0.0011125150,0.0175708853
2021-12-03,-0.0084844725,-0.0006333333,-0.0004000000,0.0001000000,0.0018918809,-0.0031581348
2021-12-06,0.0116626551,0.0006333333,0.0001000000,-0.0002000000,-0.0007220574,0.0475054397
2021-12-07,0.0204955862,0.0005000000,0.0000000000,-0.0004000000,-0.0025714501,0.0327805559
2021-12-08,0.0030805439,0.0003000000,0.0009000000,0.0004000000,-0.0035772181,0.0067881399
2021-12-09,-0.0072070384,-0.0000333333,-0.0002000000,0.0002000000,0.0029115124,-0.0217733654
2021-12-10,0.0095038068,-0.0001000000,0.0004000000,0.0002000000,-0.0017739238,0.0117829951
2021-12-13,-0.0091782002,-0.0004666667,-0.0006000000,-0.0001000000,0.0023230982,-0.0072778488
2021-12-14,-0.0074986431,0.0001333333,0.0000000000,-0.0000000000,0.0034272447,-0.0087472341
2021-12-15,0.0162162129,0.0003000000,0.0002000000,0.0001000000,0.0015662235,0.0045242549
2021-12-16,-0.0087818258,-0.0002333333,0.0006000000,0.0004000000,-0.0060938473,0.0202478467
2021-12-17,-0.0103410109,-0.0002000000,-0.0007000000,-0.0000000000,0.0006600273,-0.0196837513
2021-12-20,-0.0114533730,0.0001333333,0.0004000000,0.0002000000,0.0018826564,-0.0320898470
2021-12-21,0.0176217639,0.0004666667,-0.0001000000,-0.0001000000,0.0008590455,0.0344837086
2021-12-22,0.0101287114,-0.0002333333,-0.0001000000,-0.0002000000,-0.0031088099,0.0239033059
2021-12-23,0.0062044169,0.0004000000,0.0002000000,0.0000000000,-0.0018574716,0.0145868581
2021-12-27,0.0137440721,0.0000000000,-0.0008000000,0.0000000000,-0.0005653628,0.0214226964
2021-12-28,-0.0010106980,0.0000333333,0.0004000000,0.0000000000,-0.0004261814,0.0068647134
2021-12-29,0.0014009216,0.0004333333,0.0005000000,-0.0001000000,-0.0004454324,0.0074710355
2021-12-30,-0.0029942175,-0.0002666667,-0.0001000000,0.0000000000,-0.0007353107,0.0032592428
2022-01-03,0.0037241735,0.0008000000,0.0003000000,-0.0003000000,0.0011018970,-0.0109934362
2022-01-04,-0.0006298162,0.0002666667,0.0007000000,0.0002000000,-0.0008651164,0.0132036692
2022-01-05,-0.0195832728,0.0004333333,-0.0004000000,-0.0004000000,-0.0015040318,0.0107215391
2022-01-06,-0.0009641755,0.0002333333,-0.0005000000,-0.0002000000,0.0023214910,0.0208526310
2022-01-07,-0.0040584367,0.0001333333,0.0003000000,0.0000000000,-0.0031199892,-0.0059317395
2022-01-10,-0.0014421248,0.0002333333,-0.0005000000,-0.0002000000,0.0015330053,-0.0113297628
2022-01-11,0.0091183321,-0.0002666667,-0.0001000000,-0.0000000000,-0.0033765900,0.0384276312
2022-01-12,0.0028137341,0.0000333333,-0.0002000000,0.0001000000,-0.0041729958,0.0163737773
2022-01-13,-0.0143459625,-0.0002666667,-0.0002000000,0.0003000000,-0.0015577690,-0.0065661715
2022-01-14,0.0008195772,0.0007666667,-0.0001000000,-0.0001000000,0.0017982193,0.0223183158
2022-01-18,-0.0185590546,0.0007333333,-0.0001000000,-0.0001000000,0.0030970722,0.0189086229
2022-01-19,-0.0097367691,-0.0003333333,-0.0002000000,-0.0001000000,-0.0011022542,0.0164870796
2022-01-20,-0.0110987897,0.0001333333,-0.0004000000,0.0002000000,-0.0012808028,-0.0063536285
2022-01-21,-0.0190959864,-0.0007333333,-0.0000000000,0.0005000000,0.0012947630,-0.0131818765
2022-01-24,0.0027679180,0.0000333333,0.0005000000,0.0005000000,0.0051423883,-0.0080170201
2022-01-25,-0.0122466620,0.0002666667,-0.0001000000,0.0002000000,-0.0003299058,0.0249004624
2022-01-26,-0.0014977525,0.0007333333,-0.0007000000,-0.0007000000,-0.0006358097,0.0196645184
2022-01-27,-0.0053985406,-0.0002000000,-0.0012000000,0.0002000000,0.0076669717,-0.0081846541
2022-01-28,0.0240558917,-0.0002666667,0.0001000000,0.0005000000,0.0005284089,0.0006846189
2022-01-31,0.0187098915,0.0002666667,0.0001000000,0.0002000000,-0.0040871315,0.0168527429
2022-02-01,0.0068395085,0.0001000000,0.0001000000,-0.0001000000,-0.0017104421,-0.0105988138
2022-02-02,0.0093784346,-0.0002000000,0.0001000000,-0.0001000000,-0.0018627271,-0.0006803493
2022-02-03,-0.0246934842,0.0003333333,0.0000000000,0.0001000000,-0.0021498720,0.0225434321
2022-02-04,0.0051437131,0.0010666667,-0.0003000000,0.0000000000,0.0019970212,0.0230222841
2022-02-07,-0.0037086548,-0.0001000000,0.0000000000,0.0001000000,-0.0010984333,-0.0111160691
2022-02-08,0.0083661310,0.0004000000,-0.0002000000,-0.0002000000,0.0006901378,-0.0213775655
2022-02-09,0.0144128124,-0.0000333333,-0.0001000000,0.0001000000,-0.0023139258,0.0027950155
2022-02-10,-0.0182818035,0.0013000000,-0.0020000000,-0.0001000000,-0.0023585749,0.0028985528
2022-02-11,-0.0191516962,-0.0009333333,0.0005000000,0.0009000000,0.0025161962,0.0357551890
2022-02-14,-0.0038479421,0.0006333333,-0.0003000000,0.0000000000,0.0030716969,0.0256614654
2022-02-15,0.0156437392,0.0005000000,0.0008000000,-0.0001000000,-0.0022996248,-0.0367864923
2022-02-16,0.0008808328,-0.0003666667,0.0003000000,0.0006000000,-0.0021026179,0.0189354770
2022-02-17,-0.0214005030,-0.0004000000,0.0000000000,0.0007000000,-0.0001142289,-0.0220902253
2022-02-18,-0.0071920421,-0.0004666667,-0.0005000000,0.0001000000,0.0010694037,-0.0056818335
2022-02-22,-0.0101946540,0.0003666667,-0.0009000000,0.0000000000,-0.0008540365,0.0092709395
2022-02-23,-0.0185837902,0.0004000000,0.0003000000,-0.0003000000,-0.0002912363,0.0003256445
2022-02-24,0.0148460597,-0.0002666667,0.0003000000,0.0014000000,0.0110586721,0.0068141522
2022-02-25,0.0221261484,0.0001000000,0.0000000000,-0.0004000000,-0.0059187126,-0.0118190587
2022-02-28,-0.0024456003,-0.0012333333,-0.0001000000,0.0014000000,-0.0003063171,0.0473971891
2022-03-01,-0.0155944268,-0.0010000000,0.0007000000,-0.0009000000,0.0049675756,0.0754148707
2022-03-02,0.0184709834,0.0015333333,-0.0006000000,-0.0001000000,-0.0002927986,0.0660687986
2022-03-03,-0.0052685656,0.0001000000,-0.0003000000,0.0000000000,0.0016158007,-0.0279283821
2022-03-04,-0.0079656579,-0.0007666667,-0.0005000000,0.0007000000,0.0060258188,0.0723487349
2022-03-07,-0.0299625226,0.0004000000,-0.0002000000,0.0001000000,0.0057911565,0.0297005195
2022-03-08,-0.0072601280,0.0007000000,-0.0003000000,0.0003000000,0.0024669574,0.0360681336
2022-03-09,0.0253736723,0.0006000000,-0.0000000000,-0.0003000000,-0.0087228585,-0.1277708753
2022-03-10,-0.0043010819,0.0005666667,0.0005000000,0.0006000000,0.0012342707,-0.0268247434
2022-03-11,-0.0130462883,0.0001000000,-0.0005000000,-0.0003000000,0.0023879275,0.0314093837
2022-03-14,-0.0074486284,0.0012333333,-0.0001000000,-0.0002000000,0.0011222627,-0.0573252496
2022-03-15,0.0211825511,0.0000333333,0.0004000000,0.0003000000,0.0008140050,-0.0681489837
2022-03-16,0.0221369988,0.0003666667,-0.0013000000,-0.0013000000,-0.0037487232,-0.0164169526
2022-03-17,0.0122721914,0.0001333333,0.0005000000,-0.0006000000,-0.0065328721,0.0821409873
2022-03-18,0.0115947704,-0.0003666667,-0.0011000000,-0.0003000000,0.0007847208,0.0165659187
2022-03-21,-0.0004347680,0.0016000000,-0.0004000000,-0.0007000000,-0.0017063262,0.0687444884
2022-03-22,0.0112407693,0.0005000000,0.0001000000,-0.0002000000,0.0012291929,-0.0099476556
2022-03-23,-0.0123487132,-0.0006333333,-0.0003000000,-0.0002000000,-0.0006669901,0.0341747138
2022-03-24,0.0142420303,0.0000333333,-0.0001000000,-0.0002000000,-0.0003888519,-0.0060238516
2022-03-25,0.0050534024,0.0013333333,-0.0008000000,-0.0005000000,-0.0014480999,0.0173615472
2022-03-28,0.0071195596,-0.0000000000,-0.0008000000,-0.0002000000,0.0034399077,-0.0773569887
2022-03-29,0.0121820273,-0.0003000000,-0.0004000000,-0.0003000000,-0.0053780134,-0.0311639950
2022-03-30,-0.0063136104,-0.0005000000,-0.0001000000,0.0002000000,-0.0042150562,0.0335785579
2022-03-31,-0.0157763273,-0.0003333333,-0.0001000000,0.0000000000,0.0012157866,-0.0699142281
2022-04-01,0.0034044855,0.0007666667,-0.0016000000,-0.0012000000,0.0022505116,-0.0121092298
2022-04-04,0.0080583226,0.0002000000,0.0005000000,0.0000000000,-0.0006080749,0.0391936054
2022-04-05,-0.0126311551,0.0009666667,0.0001000000,-0.0004000000,0.0027584888,-0.0127638504
2022-04-06,-0.0097643862,0.0004000000,0.0007000000,0.0000000000,0.0023259889,-0.0563742538
2022-04-07,0.0042443524,0.0002666667,0.0009000000,0.0001000000,0.0030273227,-0.0035335726
2022-04-08,-0.0026545075,0.0006333333,0.0001000000,-0.0000000000,0.0005705232,0.0236636556
2022-04-11,-0.0170213338,0.0004000000,0.0011000000,0.0004000000,0.0010516932,-0.0429000716
2022-04-12,-0.0034233936,-0.0006666667,0.0009000000,0.0010000000,-0.0013180114,0.0647242394
2022-04-13,0.0111126828,-0.0001666667,0.0001000000,0.0002000000,-0.0009197727,0.0365310667
2022-04-14,-0.0122184800,0.0011333333,0.0001000000,-0.0001000000,0.0040869384,0.0244446089
2022-04-18,-0.0002049115,0.0001333333,0.0004000000,0.0001000000,0.0007559935,0.0130185956
2022-04-19,0.0159300402,0.0009666667,-0.0009000000,-0.0003000000,0.0024643513,-0.0540980175
2022-04-20,-0.0006187190,-0.0006666667,-0.0010000000,0.0000000000,-0.0034362032,0.0001950268
2022-04-21,-0.0148628473,0.0005666667,-0.0004000000,0.0002000000,0.0035284023,0.0128846539
2022-04-22,-0.0281319905,0.0001666667,-0.0003000000,0.0003000000,0.0074451211,-0.0099638067
2022-04-25,0.0056816876,-0.0008333333,0.0002000000,0.0007000000,0.0051427205,-0.0322066758
2022-04-26,-0.0285500284,-0.0005000000,0.0007000000,0.0003000000,0.0028225172,0.0298706809
2022-04-27,0.0020959051,0.0004666667,0.0001000000,-0.0001000000,0.0042645133,-0.0064522660
2022-04-28,0.0244456460,0.0003000000,-0.0004000000,0.0001000000,0.0049820946,0.0338459728
2022-04-29,-0.0369592023,0.0005000000,-0.0003000000,-0.0001000000,-0.0047937818,-0.0083786075
2022-05-02,0.0056592700,0.0008000000,0.0008000000,0.0003000000,0.0032517936,0.0056252234
2022-05-03,0.0048254416,-0.0000333333,-0.0009000000,-0.0003000000,-0.0014875614,-0.0255177295
2022-05-04,0.0294252350,-0.0006000000,0.0010000000,0.0003000000,-0.0012128889,0.0504932085
2022-05-05,-0.0363007240,0.0010333333,0.0009000000,0.0002000000,0.0037367617,0.0030554165
2022-05-06,-0.0056903183,0.0005333333,0.0007000000,-0.0001000000,-0.0012432021,0.0142276024
2022-05-09,-0.0325615550,-0.0007333333,0.0007000000,0.0008000000,0.0053213104,-0.0624262803
2022-05-10,0.0024548671,-0.0004000000,-0.0008000000,-0.0001000000,0.0022961704,-0.0329385857
2022-05-11,-0.0166002025,-0.0003666667,-0.0011000000,0.0001000000,-0.0031654480,0.0561441528
2022-05-12,-0.0012968422,-0.0007333333,0.0005000000,0.0003000000,0.0073413852,0.0061422352
2022-05-13,0.0235893145,0.0008000000,0.0005000000,0.0004000000,-0.0035965111,0.0403433119
2022-05-16,-0.0039542377,-0.0003000000,0.0002000000,0.0005000000,-0.0012925809,0.0316157950
2022-05-17,0.0199688981,0.0010333333,-0.0005000000,-0.0002000000,-0.0066590651,-0.0155493901
2022-05-18,-0.0412337680,-0.0007333333,-0.0007000000,0.0004000000,0.0011695835,-0.0237870482
2022-05-19,-0.0058508922,-0.0004000000,0.0003000000,0.0006000000,-0.0050080454,0.0228962589
2022-05-20,0.0001461136,-0.0005000000,-0.0003000000,-0.0001000000,-0.0005033596,0.0037359944
2022-05-23,0.0183850229,0.0007333333,0.0004000000,-0.0003000000,-0.0054669779,-0.0207228766
2022-05-24,-0.0081539459,-0.0011666667,0.0005000000,0.0001000000,-0.0007786253,0.0200123339
2022-05-25,0.0094063856,-0.0001333333,0.0001000000,-0.0005000000,0.0028225790,0.0029277402
2022-05-26,0.0196881394,0.0000000000,0.0004000000,-0.0004000000,-0.0016077167,0.0289014747
2022-05-27,0.0244410955,-0.0000666667,-0.0003000000,0.0001000000,-0.0040944643,-0.0106425404
2022-05-31,-0.0062940552,0.0009000000,0.0004000000,-0.0008000000,-0.0018023832,-0.0050580033
2022-06-01,-0.0075109239,0.0008000000,-0.0011000000,-0.0010000000,0.0052794910,0.0076642075
2022-06-02,0.0182632627,-0.0001000000,0.0001000000,0.0002000000,-0.0053184515,0.0139573214
2022-06-03,-0.0164824572,0.0002333333,0.0001000000,-0.0001000000,0.0012654421,0.0177235930
2022-06-06,0.0031324563,0.0007666667,0.0001000000,-0.0001000000,0.0007847004,-0.0047181821
2022-06-07,0.0094783319,-0.0003333333,-0.0008000000,-0.0001000000,0.0011260849,0.0095815156
2022-06-08,-0.0108525855,0.0004333333,0.0002000000,0.0000000000,-0.0003909870,0.0197944266
2022-06-09,-0.0240864699,0.0002000000,-0.0005000000,0.0000000000,0.0044455249,-0.0034502622
2022-06-10,-0.0295424253,0.0012000000,-0.0021000000,-0.0003000000,0.0090030480,-0.0065222109
2022-06-13,-0.0395398732,0.0028000000,-0.0012000000,-0.0006000000,0.0095725225,0.0015725226
2022-06-14,-0.0037808441,0.0004666667,-0.0002000000,0.0001000000,0.0042385509,-0.0166781718
2022-06-15,0.0144870562,-0.0015666667,0.0019000000,0.0011000000,-0.0002186536,-0.0307401254
2022-06-16,-0.0330522150,-0.0005000000,0.0002000000,0.0003000000,-0.0079971802,0.0192379688
2022-06-17,0.0021984288,-0.0001666667,-0.0008000000,-0.0000000000,0.0046753338,-0.0704764972
2022-06-21,0.0241824885,0.0006333333,0.0005000000,0.0000000000,-0.0049131981,0.0084526747
2022-06-22,-0.0013023811,-0.0014666667,0.0001000000,0.0004000000,-0.0010200596,-0.0394126041
2022-06-23,0.0094870491,-0.0005333333,0.0001000000,0.0003000000,0.0020100976,-0.0044345971
2022-06-24,0.0301055371,0.0004000000,0.0002000000,0.0002000000,-0.0022955688,0.0309120600
2022-06-27,-0.0029775299,0.0005333333,0.0001000000,-0.0003000000,-0.0025903898,0.0214964515
2022-06-28,-0.0203486584,0.0000333333,-0.0003000000,0.0003000000,0.0037077440,0.0197252064
2022-06-29,-0.0007120065,-0.0007333333,-0.0004000000,0.0002000000,0.0028280318,-0.0178425576
2022-06-30,-0.0087978148,-0.0011333333,0.0006000000,0.0007000000,0.0000297611,-0.0354624462
2022-07-01,0.0104984599,-0.0007000000,0.0005000000,0.0011000000,0.0044590973,0.0232973942
2022-07-05,0.0015829236,-0.0004666667,-0.0004000000,-0.0001000000,0.0091305906,-0.0826526382
2022-07-06,0.0035667473,0.0011666667,-0.0006000000,-0.0002000000,0.0031511143,-0.0122858971
2022-07-07,0.0148537135,0.0006666667,0.0000000000,-0.0006000000,-0.0022919195,0.0420693470
2022-07-08,-0.0008305563,0.0008000000,-0.0002000000,-0.0002000000,-0.0021167102,0.0204359051
2022-07-11,-0.0115944300,-0.0008000000,-0.0004000000,0.0001000000,0.0067642496,-0.0064828526
2022-07-12,-0.0092868990,-0.0004000000,-0.0001000000,-0.0001000000,0.0012563335,-0.0824885908
2022-07-13,-0.0044668590,0.0000000000,-0.0015000000,0.0001000000,-0.0013698865,0.0076480259
2022-07-14,-0.0030031002,0.0003333333,0.0001000000,-0.0001000000,0.0062972826,-0.0066249032
2022-07-15,0.0190192235,-0.0002000000,0.0001000000,-0.0001000000,-0.0047321982,0.0182394356
2022-07-18,-0.0083987907,0.0003000000,0.0002000000,-0.0002000000,-0.0057161763,0.0479339076
2022-07-19,0.0272535580,0.0005333333,-0.0005000000,-0.0002000000,-0.0023714143,0.0155748637
2022-07-20,0.0058785037,0.0001666667,-0.0002000000,-0.0006000000,0.0009613126,-0.0158620413
2022-07-21,0.0098130542,-0.0012333333,0.0006000000,0.0003000000,0.0024724771,-0.0592612625
2022-07-22,-0.0093762699,-0.0011333333,0.0004000000,0.0005000000,-0.0036861037,-0.0074433176
2022-07-25,0.0013142512,0.0003333333,0.0002000000,0.0003000000,0.0000685965,0.0214648314
2022-07-26,-0.0116103329,0.0000333333,-0.0003000000,-0.0002000000,0.0024362058,-0.0211578475
2022-07-27,0.0258200345,-0.0003000000,0.0006000000,0.0001000000,0.0004788761,0.0231592492
2022-07-28,0.0120603633,-0.0007333333,0.0010000000,0.0012000000,-0.0057223968,-0.0092397966
2022-07-29,0.0141077495,0.0000333333,-0.0006000000,-0.0006000000,-0.0028562790,0.0219547786
2022-08-01,-0.0028270386,-0.0004666667,-0.0009000000,0.0002000000,-0.0029352921,-0.0477099069
2022-08-02,-0.0066847025,0.0013000000,-0.0008000000,-0.0009000000,0.0044189841,0.0056780207
2022-08-03,0.0155174608,-0.0000666667,-0.0008000000,-0.0000000000,0.0036032181,-0.0408691784
2022-08-04,-0.0007776471,-0.0003666667,0.0008000000,0.0003000000,-0.0045491457,-0.0212428059
2022-08-05,-0.0016270690,0.0015000000,-0.0012000000,-0.0003000000,0.0039950199,0.0052441943
2022-08-08,-0.0012383454,-0.0005000000,-0.0003000000,-0.0003000000,-0.0036257310,0.0188898703
2022-08-09,-0.0042577822,0.0003666667,-0.0006000000,-0.0000000000,-0.0001386725,-0.0036422108
2022-08-10,0.0210671549,-0.0001333333,0.0008000000,0.0003000000,-0.0091264307,0.0159696783
2022-08-11,-0.0007056719,0.0006666667,0.0011000000,-0.0000000000,-0.0003147381,0.0244143582
2022-08-12,0.0171740744,-0.0001333333,-0.0005000000,-0.0002000000,0.0024961303,-0.0225150224
2022-08-15,0.0039616294,-0.0004000000,0.0003000000,-0.0000000000,0.0034110229,-0.0280082445
2022-08-16,0.0018739093,0.0003000000,-0.0004000000,0.0000000000,0.0020500829,-0.0331765700
2022-08-17,-0.0072640786,0.0004666667,0.0001000000,-0.0003000000,0.0032032611,0.0179924889
2022-08-18,0.0022669440,-0.0002666667,0.0005000000,0.0000000000,0.0023859232,0.0255379268
2022-08-19,-0.0129838694,0.0007000000,0.0005000000,0.0001000000,0.0056020044,0.0037483310
2022-08-22,-0.0216324277,0.0004666667,-0.0005000000,-0.0001000000,0.0044994078,-0.0013905976
2022-08-23,-0.0022403091,0.0000333333,0.0005000000,0.0000000000,-0.0044620253,0.0320229596
2022-08-24,0.0029119073,0.0006333333,-0.0001000000,-0.0001000000,0.0004411698,-0.0097927650
2022-08-25,0.0139932186,-0.0005333333,-0.0006000000,-0.0002000000,-0.0004094771,-0.0231940501
2022-08-26,-0.0342685267,-0.0000333333,-0.0006000000,-0.0002000000,0.0000568819,0.0032092454
2022-08-29,-0.0066887235,0.0005666667,-0.0001000000,-0.0000000000,0.0032693262,0.0394753657
2022-08-30,-0.0110893678,0.0000333333,-0.0006000000,-0.0002000000,0.0017495212,-0.0561684462
2022-08-31,-0.0078477603,0.0002333333,0.0005000000,0.0001000000,-0.0012118772,-0.0218485938
2022-09-01,0.0029917276,0.0009000000,0.0004000000,0.0004000000,0.0069824867,-0.0338671040
2022-09-02,-0.0107945304,-0.0006333333,0.0009000000,0.0002000000,-0.0050472576,0.0022938420
2022-09-06,-0.0041034472,0.0012333333,0.0004000000,0.0003000000,0.0079882521,0.0006871278
2022-09-07,0.0181748042,-0.0006000000,-0.0002000000,-0.0003000000,0.0005913277,-0.0571247432
2022-09-08,0.0065890134,0.0002666667,0.0000000000,0.0001000000,-0.0021072998,0.0184945826
2022-09-09,0.0151559715,0.0004666667,-0.0006000000,-0.0005000000,-0.0063664477,0.0377138852
2022-09-12,0.0105286399,0.0004000000,0.0004000000,0.0000000000,-0.0036759421,0.0103734188
2022-09-13,-0.0441991101,0.0006666667,-0.0019000000,-0.0002000000,0.0088070593,-0.0038632022
2022-09-14,0.0033812717,-0.0000666667,-0.0007000000,-0.0003000000,0.0002145655,0.0117701676
2022-09-15,-0.0113822947,0.0004666667,-0.0008000000,-0.0003000000,0.0034764481,-0.0362009747
2022-09-16,-0.0072080449,0.0000666667,0.0006000000,0.0006000000,-0.0000392371,-0.0017514162
2022-09-19,0.0068337454,0.0004666667,-0.0010000000,-0.0003000000,0.0010484623,0.0067552085
2022-09-20,-0.0113361246,0.0005333333,0.0006000000,-0.0002000000,0.0009147054,-0.0170924320
2022-09-21,-0.0172646738,-0.0003000000,-0.0015000000,-0.0001000000,0.0049038484,-0.0155890585
2022-09-22,-0.0084633093,0.0014333333,0.0006000000,-0.0004000000,0.0033885607,0.0076463933
2022-09-23,-0.0173828261,0.0001333333,-0.0013000000,0.0001000000,0.0088269752,-0.0607213297
2022-09-26,-0.0103943769,0.0012333333,0.0004000000,-0.0008000000,0.0091390615,-0.0243227556
2022-09-27,-0.0021226110,0.0009000000,0.0012000000,0.0007000000,-0.0001191160,0.0222971821
2022-09-28,0.0194811444,-0.0021666667,0.0006000000,0.0017000000,-0.0027303186,0.0458227760
2022-09-29,-0.0213527763,0.0004666667,-0.0008000000,0.0002000000,-0.0042615996,-0.0100980236
2022-09-30,-0.0151813923,0.0007000000,0.0002000000,-0.0003000000,-0.0002266147,-0.0231317136
2022-10-03,0.0255546288,-0.0010666667,0.0004000000,0.0005000000,-0.0034053972,0.0505108585
2022-10-04,0.0301253409,-0.0003333333,-0.0001000000,-0.0002000000,-0.0071025224,0.0330008884
2022-10-05,-0.0020200133,0.0009000000,0.0003000000,-0.0005000000,0.0053722118,0.0154209464
2022-10-06,-0.0102979204,0.0006000000,-0.0005000000,-0.0006000000,0.0030514260,0.0076784478
2022-10-07,-0.0284031672,0.0006000000,-0.0002000000,0.0001000000,0.0004855429,0.0458397557
2022-10-11,-0.0140612402,0.0003333333,0.0006000000,0.0006000000,0.0027688985,-0.0363238708
2022-10-12,-0.0032961834,-0.0002000000,-0.0000000000,0.0004000000,0.0037840305,-0.0216248994
2022-10-13,0.0256342914,0.0010666667,-0.0012000000,0.0001000000,-0.0032789260,0.0198405787
2022-10-14,-0.0239471638,0.0002000000,0.0001000000,0.0000000000,0.0047168517,-0.0397342952
2022-10-17,0.0261355569,0.0001333333,0.0008000000,0.0000000000,-0.0053731456,-0.0011621152
2022-10-18,0.0113627602,-0.0001000000,0.0002000000,0.0000000000,0.0021169197,-0.0320188023
2022-10-19,-0.0066944367,0.0012000000,-0.0001000000,-0.0003000000,0.0037571427,0.0320188023
2022-10-20,-0.0079827185,0.0008666667,0.0002000000,-0.0001000000,-0.0030545807,0.0002325311
2022-10-21,0.0234477679,-0.0002333333,0.0022000000,0.0012000000,-0.0025946642,-0.0064143902
2022-10-24,0.0118119171,0.0004000000,0.0006000000,-0.0002000000,0.0027915118,0.0075762353
2022-10-25,0.0161357653,-0.0012333333,-0.0006000000,0.0003000000,-0.0051157576,0.0093615246
2022-10-26,-0.0074151381,-0.0005333333,-0.0004000000,-0.0004000000,-0.0071286663,0.0279056220
2022-10-27,-0.0061011724,-0.0008000000,0.0002000000,0.0001000000,0.0018208747,-0.0036985192
2022-10-28,0.0243280346,0.0006666667,-0.0008000000,-0.0004000000,0.0040225908,-0.0136794853
2022-10-31,-0.0074823070,0.0008333333,-0.0003000000,-0.0002000000,0.0032052089,-0.0150240798
2022-11-01,-0.0041096941,-0.0002666667,-0.0011000000,-0.0006000000,-0.0017504473,0.0208126438
2022-11-02,-0.0253198028,0.0003666667,-0.0006000000,-0.0004000000,-0.0006846997,0.0190567363
2022-11-03,-0.0106424092,0.0005666667,-0.0007000000,0.0001000000,0.0067542171,-0.0215496555
2022-11-04,0.0135267815,0.0002333333,0.0014000000,0.0003000000,-0.0080487319,0.0491466762
2022-11-07,0.0095680618,0.0006000000,0.0001000000,0.0000000000,-0.0066332068,-0.0084608380
2022-11-08,0.0055822676,-0.0006333333,-0.0001000000,0.0001000000,-0.0053441592,-0.0332256476
2022-11-09,-0.0209967749,-0.0001666667,0.0009000000,0.0010000000,0.0028066250,-0.0344842004
2022-11-10,0.0539525043,-0.0028333333,-0.0001000000,0.0003000000,-0.0102254467,0.0084731515
2022-11-14,0.0002224014,0.0005333333,-0.0002000000,-0.0009000000,-0.0102905772,-0.0077740137
2022-11-15,0.0086753813,-0.0006666667,-0.0006000000,-0.0004000000,-0.0031541813,0.0118111609
2022-11-16,-0.0082862979,-0.0009333333,-0.0011000000,0.0001000000,0.0019706024,-0.0144938476
2022-11-17,-0.0030941096,0.0007333333,-0.0004000000,-0.0006000000,0.0056240839,-0.0469873054
2022-11-18,0.0047472883,0.0005333333,-0.0005000000,-0.0005000000,-0.0010055305,-0.0200303433
2022-11-21,-0.0038912128,-0.0001000000,0.0002000000,-0.0005000000,0.0068275360,-0.0041299101
2022-11-22,0.0134885719,-0.0005333333,-0.0007000000,-0.0001000000,-0.0037310628,0.0135768418
2022-11-23,0.0058972831,-0.0005000000,-0.0008000000,-0.0005000000,-0.0038638095,-0.0365371959
2022-11-25,-0.0002831109,-0.0002333333,0.0004000000,0.0004000000,-0.0033897789,-0.0191740555
2022-11-28,-0.0155646529,0.0001666667,-0.0004000000,-0.0001000000,0.0021430159,0.0084663482
2022-11-29,-0.0015931189,0.0005000000,0.0005000000,0.0001000000,0.0004715594,0.0110925941
2022-11-30,0.0304785876,-0.0006000000,0.0009000000,0.0009000000,-0.0011651477,0.0318128317
2022-12-01,-0.0008680003,-0.0014666667,-0.0003000000,-0.0006000000,-0.0123249171,0.0071809148
2022-12-02,-0.0011953459,-0.0002333333,-0.0011000000,-0.0006000000,0.0000467185,-0.0149145196
2022-12-05,-0.0180562836,0.0009333333,-0.0007000000,-0.0004000000,0.0051355404,-0.0386799128
2022-12-06,-0.0145038499,-0.0008666667,-0.0003000000,-0.0002000000,0.0030994397,-0.0346962769
2022-12-07,-0.0018640849,-0.0009000000,-0.0002000000,-0.0002000000,-0.0021018814,-0.0312054881
2022-12-08,0.0074936121,0.0004333333,-0.0003000000,-0.0004000000,-0.0028192011,-0.0087970965
2022-12-09,-0.0073766872,0.0007666667,0.0010000000,-0.0001000000,0.0000400269,-0.0035124729
2022-12-12,0.0141782628,0.0003666667,-0.0005000000,-0.0002000000,0.0028655173,0.0265274912
2022-12-13,0.0072632622,-0.0010333333,0.0013000000,0.0003000000,-0.0075390543,0.0334262926
2022-12-14,-0.0060711580,-0.0000666667,-0.0002000000,0.0004000000,-0.0002191471,0.0222843145
2022-12-15,-0.0252374608,-0.0003000000,-0.0004000000,0.0002000000,0.0059687256,-0.0163370294
2022-12-16,-0.0112002678,0.0001000000,0.0011000000,0.0001000000,0.0008042336,-0.0226555532
2022-12-19,-0.0090482780,0.0008666667,0.0001000000,0.0000000000,-0.0010033528,0.0115251879
2022-12-20,0.0010367470,0.0008000000,0.0012000000,0.0001000000,-0.0032027729,0.0115255962
2022-12-21,0.0147585944,-0.0001666667,0.0004000000,0.0002000000,0.0012036734,0.0292057879
2022-12-22,-0.0145571295,0.0000333333,-0.0004000000,-0.0002000000,-0.0003345265,-0.0062881182
2022-12-23,0.0058509064,0.0008000000,0.0002000000,0.0001000000,-0.0021915017,0.0240393134
2022-12-27,-0.0040578263,0.0007000000,0.0010000000,0.0002000000,-0.0018085725,-0.0015092444
2022-12-28,-0.0120934627,0.0002666667,0.0006000000,-0.0001000000,0.0020807239,-0.0070734159
2022-12-29,0.0173106190,-0.0002666667,-0.0009000000,0.0000000000,-0.0028711547,-0.0058479699
2022-12-30,-0.0025439680,0.0005666667,-0.0002000000,-0.0002000000,-0.0019096340,0.0218181301
2023-01-03,-0.0040085444,-0.0006333333,-0.0008000000,0.0004000000,0.0054608435,-0.0419089540
2023-01-04,0.0075106741,-0.0007000000,-0.0003000000,0.0004000000,-0.0048417259,-0.0541250406
2023-01-05,-0.0117139024,0.0002666667,-0.0012000000,-0.0004000000,0.0049334569,0.0107902433
2023-01-06,0.0225838412,-0.0016000000,0.0010000000,0.0004000000,-0.0083598740,0.0021712588
2023-01-09,-0.0007679299,-0.0002666667,0.0004000000,-0.0005000000,-0.0077468095,0.0123940695
2023-01-10,0.0069540206,0.0007000000,0.0003000000,0.0000000000,0.0008111512,0.0056074913
2023-01-11,0.0127675441,-0.0006000000,-0.0003000000,-0.0003000000,-0.0007229326,0.0308079684
2023-01-12,0.0034101316,-0.0010000000,-0.0003000000,-0.0002000000,-0.0061740752,0.0110413241
2023-01-13,0.0039888506,0.0007000000,-0.0005000000,-0.0002000000,-0.0021333757,0.0199728545
2023-01-17,-0.0020325261,0.0001000000,0.0007000000,-0.0004000000,0.0003758714,0.0043709092
2023-01-18,-0.0156850017,-0.0012666667,0.0002000000,0.0005000000,-0.0011465138,-0.0090124530
2023-01-19,-0.0076676696,0.0002666667,-0.0000000000,0.0003000000,0.0044845567,0.0097598372
2023-01-20,0.0187416716,0.0007666667,0.0004000000,-0.0001000000,-0.0021936799,0.0118827986
2023-01-23,0.0118113284,0.0004666667,-0.0004000000,-0.0002000000,-0.0017208129,0.0042973852
2023-01-24,-0.0007117296,-0.0007333333,0.0002000000,-0.0002000000,-0.0003995984,-0.0217992283
2023-01-25,-0.0001817464,-0.0000333333,0.0001000000,0.0002000000,-0.0010686185,-0.0010022552
2023-01-26,0.0109477176,0.0003000000,-0.0006000000,-0.0005000000,0.0004403554,0.0107219578
2023-01-27,0.0024917028,0.0002333333,-0.0000000000,-0.0003000000,-0.0008296095,-0.0113488778
2023-01-30,-0.0130535598,0.0003666667,-0.0004000000,-0.0001000000,-0.0002270648,-0.0223217892
2023-01-31,0.0145362853,-0.0002666667,0.0003000000,0.0003000000,0.0007138188,0.0124906034
2023-02-01,0.0103980897,-0.0011666667,0.0002000000,0.0001000000,-0.0029822489,-0.0336176934
2023-02-02,0.0145924312,0.0000333333,0.0000000000,-0.0003000000,-0.0023952613,-0.0061756980
2023-02-03,-0.0104086440,0.0014000000,-0.0013000000,-0.0005000000,0.0098162835,-0.0330974137
2023-02-06,-0.0061594169,0.0009333333,-0.0010000000,-0.0006000000,0.0085940779,0.0096265403
2023-02-07,0.0127903830,0.0004000000,0.0002000000,0.0001000000,-0.0016065528,0.0404603045
2023-02-08,-0.0111425398,-0.0002666667,-0.0000000000,0.0005000000,-0.0016956973,0.0167056057
2023-02-09,-0.0088690430,0.0004000000,0.0002000000,0.0001000000,-0.0013784679,-0.0054948704
2023-02-10,0.0021928653,0.0005666667,0.0006000000,0.0001000000,0.0013643181,0.0215498262
2023-02-13,0.0113835510,-0.0001333333,-0.0006000000,-0.0001000000,-0.0013251450,0.0050037633
2023-02-14,-0.0002804161,0.0005000000,-0.0006000000,-0.0003000000,-0.0004993629,-0.0133151069
2023-02-15,0.0027692857,0.0003333333,0.0002000000,0.0001000000,0.0044330142,-0.0064700511
2023-02-16,-0.0138846442,0.0004000000,0.0007000000,0.0002000000,0.0000780339,-0.0015284680
2023-02-17,-0.0027712852,-0.0003333333,-0.0002000000,0.0005000000,0.0007260878,-0.0276574879
2023-02-21,-0.0202447844,0.0010000000,0.0003000000,-0.0002000000,0.0006053615,-0.0003932106
2023-02-22,-0.0015747857,-0.0002333333,-0.0003000000,-0.0002000000,0.0017667198,-0.0310215916
2023-02-23,0.0053152735,-0.0003666667,-0.0006000000,0.0001000000,0.0020725139,0.0175595960
2023-02-24,-0.0105934574,0.0008000000,-0.0007000000,-0.0000000000,0.0039438322,0.0122814353
2023-02-27,0.0030683048,-0.0001000000,0.0000000000,0.0001000000,-0.0014323218,-0.0081708415
2023-02-28,-0.0030405977,0.0001000000,-0.0003000000,0.0003000000,-0.0004943801,0.0171863856
2023-03-01,-0.0047364616,0.0007000000,-0.0004000000,-0.0006000000,-0.0057809267,0.0089349898
2023-03-02,0.0075535420,0.0004333333,0.0006000000,-0.0002000000,0.0040990292,0.0061688925
2023-03-03,0.0160188003,-0.0009000000,-0.0010000000,-0.0003000000,-0.0029433136,0.0199156706
2023-03-06,0.0006869235,0.0002000000,-0.0001000000,0.0000000000,-0.0023974227,0.0096244728
2023-03-07,-0.0154456392,0.0002000000,-0.0015000000,0.0000000000,0.0080786627,-0.0372572235
2023-03-08,0.0014138211,0.0002000000,-0.0005000000,0.0000000000,-0.0000922139,-0.0115578197
2023-03-09,-0.0186318729,-0.0006666667,0.0015000000,0.0006000000,-0.0000436399,-0.0126184640
2023-03-10,-0.0145839748,-0.0023666667,0.0012000000,0.0011000000,-0.0016786997,0.0124878389
2023-03-13,-0.0015108816,-0.0024000000,0.0057000000,0.0018000000,-0.0029108134,-0.0247318034
2023-03-14,0.0163423808,0.0011000000,-0.0010000000,-0.0003000000,0.0010285081,-0.0480004386
2023-03-15,-0.0070053364,-0.0015666667,0.0020000000,0.0011000000,0.0089980124,-0.0548636421
2023-03-16,0.0174095513,0.0009000000,-0.0020000000,-0.0006000000,-0.0031645025,0.0113629202
2023-03-17,-0.0110805864,-0.0020333333,0.0022000000,0.0005000000,-0.0012972367,-0.0228564417
2023-03-20,0.0088788249,0.0008000000,-0.0006000000,-0.0002000000,-0.0045362732,0.0141613755
2023-03-21,0.0128986355,0.0015000000,-0.0017000000,-0.0008000000,-0.0009780502,0.0268707756
2023-03-22,-0.0166002119,-0.0012333333,0.0016000000,0.0005000000,-0.0022698158,0.0187001381
2023-03-23,0.0029800838,-0.0010666667,0.0018000000,0.0010000000,-0.0071803168,-0.0133828877
2023-03-24,0.0056239581,-0.0000666667,-0.0002000000,-0.0002000000,0.0058372023,-0.0079142797
2023-03-27,0.0016455897,0.0015333333,-0.0005000000,-0.0005000000,-0.0017090833,0.0513871935
2023-03-28,-0.0015750808,0.0003333333,-0.0008000000,0.0000000000,-0.0045031099,0.0034248955
2023-03-29,0.0141368611,0.0003000000,-0.0005000000,-0.0004000000,0.0001002340,-0.0023276522
2023-03-30,0.0056989945,-0.0001333333,-0.0006000000,-0.0004000000,-0.0026596027,0.0186058195
2023-03-31,0.0143333328,-0.0006000000,-0.0003000000,-0.0000000000,-0.0003987134,0.0181338302
2023-04-03,0.0036920936,-0.0005666667,0.0006000000,0.0000000000,-0.0003335001,0.0605002514
2023-04-04,-0.0058139204,-0.0008333333,0.0009000000,-0.0001000000,-0.0014962529,0.0037243991
2023-04-05,-0.0024954292,-0.0004666667,0.0001000000,0.0004000000,0.0012858728,-0.0001239234
2023-04-06,0.0035727397,0.0000333333,-0.0005000000,-0.0003000000,0.0000997475,0.0001239234
2023-04-10,0.0009958450,0.0012333333,-0.0010000000,-0.0002000000,0.0040785997,-0.0113403920
2023-04-11,-0.0000413723,0.0001666667,-0.0003000000,-0.0004000000,-0.0022563978,0.0216955141
2023-04-12,-0.0041434587,-0.0002666667,0.0010000000,0.0003000000,-0.0043751783,0.0208745444
2023-04-13,0.0131754467,0.0003333333,0.0004000000,-0.0001000000,-0.0051517735,-0.0132996761
2023-04-14,-0.0020714988,0.0008000000,-0.0007000000,-0.0002000000,0.0039216365,0.0050989548
2023-04-17,0.0033007790,0.0008333333,-0.0003000000,-0.0003000000,0.0035442059,-0.0201829370
2023-04-18,0.0008547843,-0.0001000000,-0.0003000000,-0.0001000000,-0.0014581543,-0.0009889975
2023-04-19,-0.0000842420,0.0002333333,-0.0005000000,0.0000000000,0.0016618581,-0.0208718443
2023-04-20,-0.0059703399,-0.0006666667,0.0006000000,0.0004000000,-0.0015359266,-0.0244179597
2023-04-21,0.0009027860,0.0003000000,-0.0000000000,-0.0001000000,0.0016088475,0.0076065602
2023-04-24,0.0008512121,-0.0005000000,0.0000000000,-0.0000000000,-0.0009039242,0.0099681337
2023-04-25,-0.0159371456,-0.0015333333,0.0018000000,0.0005000000,0.0034260590,-0.0204259141
2023-04-26,-0.0038486099,0.0004000000,0.0001000000,0.0002000000,-0.0024291056,-0.0359399230
2023-04-27,0.0193771674,0.0011000000,-0.0011000000,-0.0004000000,0.0008963254,0.0059020963
2023-04-28,0.0082193596,-0.0007000000,-0.0006000000,0.0001000000,-0.0017179644,0.0265274546
2023-05-01,-0.0003862138,0.0014000000,0.0007000000,-0.0002000000,0.0018326695,-0.0148267493
2023-05-02,-0.0116538975,-0.0014666667,0.0005000000,0.0010000000,0.0013971741,-0.0534872323
2023-05-03,-0.0070228891,-0.0005333333,0.0006000000,0.0004000000,-0.0040815392,-0.0440461705
2023-05-04,-0.0072449062,-0.0004000000,0.0017000000,0.0004000000,-0.0006449181,-0.0014583640
2023-05-05,0.0183061592,0.0009000000,-0.0014000000,-0.0004000000,-0.0041388722,0.0400511195
2023-05-08,0.0004519982,0.0008000000,0.0000000000,0.0000000000,0.0001779609,0.0250618863
2023-05-09,-0.0045898917,0.0001000000,0.0000000000,0.0001000000,0.0020893033,0.0074927127
2023-05-10,0.0044738902,-0.0008666667,0.0006000000,0.0005000000,-0.0020007563,-0.0157311226
2023-05-11,-0.0016980602,-0.0004000000,-0.0006000000,-0.0001000000,0.0037362737,-0.0240000357
2023-05-12,-0.0015845522,0.0007000000,-0.0004000000,-0.0004000000,0.0028255361,-0.0112193181
2023-05-15,0.0029538686,0.0003666667,0.0005000000,0.0006000000,-0.0017297771,0.0148843913
2023-05-16,-0.0063981359,0.0004666667,-0.0004000000,0.0001000000,0.0001132859,-0.0031003407
2023-05-17,0.0118206602,0.0003333333,-0.0005000000,-0.0002000000,0.0036242409,0.0268762260
2023-05-18,0.0094007743,0.0007666667,-0.0009000000,-0.0006000000,0.0040184354,-0.0132782034
2023-05-19,-0.0014469557,0.0004333333,0.0000000000,-0.0002000000,-0.0026139860,-0.0034869970
2023-05-22,0.0001550460,0.0001666667,0.0001000000,0.0001000000,0.0026048261,0.0033477504
2023-05-23,-0.0112855156,-0.0002000000,0.0002000000,-0.0000000000,0.0019375409,0.0146532896
2023-05-24,-0.0073455508,0.0003000000,-0.0004000000,-0.0001000000,0.0012857380,0.0203756030
2023-05-25,0.0087195648,0.0011000000,-0.0015000000,-0.0008000000,0.0030341919,-0.0368408660
2023-05-26,0.0129645827,-0.0001333333,-0.0009000000,0.0000000000,-0.0017467890,0.0093036844
2023-05-30,0.0000166449,-0.0008333333,0.0002000000,0.0004000000,-0.0006285632,-0.0409083839
2023-05-31,-0.0061273722,-0.0005333333,0.0001000000,0.0002000000,0.0034084054,-0.0194830239
2023-06-01,0.0098062291,-0.0003666667,0.0006000000,-0.0001000000,-0.0076103420,0.0286560853
2023-06-02,0.0144297897,0.0009666667,-0.0013000000,-0.0004000000,-0.0003682505,0.0235470872
2023-06-05,-0.0020055733,-0.0001000000,0.0005000000,-0.0001000000,-0.0000008333,0.0052814577
2023-06-06,0.0023511166,0.0001333333,-0.0007000000,-0.0002000000,-0.0002750268,-0.0059784676
2023-06-07,-0.0038192757,0.0007333333,0.0003000000,-0.0002000000,-0.0009406632,0.0112321780
2023-06-08,0.0061695352,-0.0005333333,-0.0002000000,0.0001000000,-0.0024040421,-0.0172466027
2023-06-09,0.0011474738,0.0003000000,-0.0007000000,-0.0002000000,-0.0011631635,-0.0158374351
2023-06-12,0.0092779027,-0.0002666667,0.0002000000,0.0005000000,0.0017183270,-0.0448924111
2023-06-13,0.0069086649,0.0010000000,-0.0005000000,-0.0010000000,-0.0037491539,0.0338568280
2023-06-14,0.0008190721,0.0000666667,-0.0011000000,-0.0006000000,-0.0034786532,-0.0170049879
2023-06-15,0.0121045801,-0.0009333333,0.0007000000,0.0008000000,-0.0018868399,0.0344340005
2023-06-16,-0.0036783763,0.0004666667,-0.0007000000,-0.0006000000,-0.0011284106,0.0168519646
2023-06-20,-0.0047463804,-0.0002666667,-0.0001000000,-0.0001000000,0.0043782332,-0.0121892928
2023-06-21,-0.0052590818,-0.0001333333,-0.0002000000,0.0001000000,-0.0017756090,0.0224415300
2023-06-22,0.0037038858,0.0008000000,-0.0002000000,-0.0002000000,0.0002374915,-0.0469861411
2023-06-23,-0.0076882748,-0.0006000000,-0.0000000000,0.0002000000,0.0033357575,-0.0044885328
2023-06-26,-0.0044968758,-0.0002333333,0.0007000000,0.0002000000,-0.0006372044,0.0026086971
2023-06-27,0.0113906572,0.0005000000,-0.0008000000,-0.0004000000,-0.0015228749,-0.0206192872
2023-06-28,-0.0003540725,-0.0004000000,0.0000000000,0.0002000000,0.0037215694,0.0271114113
2023-06-29,0.0044635502,0.0013666667,-0.0005000000,-0.0004000000,0.0015808082,0.0044479591
2023-06-30,0.0121943633,-0.0003666667,-0.0007000000,-0.0004000000,-0.0013931240,0.0115295562
2023-07-03,0.0011700018,0.0004666667,-0.0005000000,-0.0003000000,-0.0012465814,-0.0135358624
2023-07-05,-0.0019702536,0.0005666667,0.0008000000,-0.0002000000,0.0011435270,0.0292621062
2023-07-06,-0.0079540653,0.0007000000,0.0001000000,-0.0003000000,0.0039386657,-0.0002786680
2023-07-07,-0.0028692926,-0.0000000000,0.0009000000,0.0001000000,-0.0062219900,0.0295209190
2023-07-10,0.0024022317,-0.0004666667,0.0009000000,0.0005000000,-0.0010191955,-0.0117039986
2023-07-11,0.0067195881,-0.0000333333,-0.0005000000,-0.0002000000,-0.0018545232,0.0246091380
2023-07-12,0.0073838175,-0.0012000000,0.0009000000,0.0004000000,-0.0092727030,0.0119491597
2023-07-13,0.0084345093,-0.0009666667,0.0007000000,0.0003000000,-0.0038786940,0.0142831492
2023-07-14,-0.0010249062,0.0008333333,-0.0012000000,-0.0004000000,-0.0011680858,-0.0186479468
2023-07-17,0.0038479436,-0.0000333333,0.0001000000,0.0003000000,0.0006866718,-0.0169778826
2023-07-18,0.0070920799,-0.0001333333,-0.0003000000,-0.0001000000,-0.0008567045,0.0212106931
2023-07-19,0.0023550835,-0.0004000000,-0.0007000000,-0.0002000000,0.0027289896,-0.0047631739
2023-07-20,-0.0067798062,0.0007666667,0.0001000000,-0.0002000000,0.0021154264,0.0033101652
2023-07-21,0.0003241023,0.0000333333,-0.0002000000,0.0000000000,0.0029473160,0.0184668990
2023-07-24,0.0040259740,0.0000666667,0.0002000000,-0.0001000000,-0.0010977536,0.0224555532
2023-07-25,0.0028107581,0.0004000000,-0.0001000000,-0.0003000000,0.0003742539,0.0119822333
2023-07-26,-0.0001554595,-0.0003000000,0.0002000000,0.0002000000,-0.0008191277,-0.0081828366
2023-07-27,-0.0064454275,0.0012000000,0.0003000000,-0.0005000000,0.0011355642,0.0133100910
2023-07-28,0.0098294145,-0.0004000000,0.0001000000,0.0002000000,-0.0008978208,0.0047287296
2023-07-31,0.0014676397,0.0000333333,-0.0002000000,-0.0003000000,0.0003064359,0.0153991340
2023-08-01,-0.0026686496,0.0007000000,0.0005000000,0.0000000000,0.0063427172,-0.0052705889
2023-08-02,-0.0139362352,0.0001666667,0.0010000000,0.0005000000,0.0046529205,-0.0232496330
2023-08-03,-0.0025512255,0.0009666667,0.0013000000,0.0002000000,0.0022597402,0.0255819240
2023-08-04,-0.0053140910,-0.0012666667,0.0001000000,0.0006000000,-0.0048300532,0.0146059072
2023-08-07,0.0089835840,0.0002666667,0.0008000000,0.0000000000,0.0021849351,-0.0099575808
2023-08-08,-0.0042271920,-0.0005333333,-0.0005000000,0.0003000000,0.0046899906,0.0121301827
2023-08-09,-0.0070636364,0.0000333333,-0.0007000000,-0.0001000000,-0.0013775702,0.0168573542
2023-08-10,0.0002506563,0.0006000000,0.0003000000,-0.0003000000,-0.0026643316,-0.0184259819
2023-08-11,-0.0010702037,0.0005666667,-0.0004000000,-0.0002000000,0.0039257139,0.0043378788
2023-08-14,0.0057339133,0.0004000000,-0.0005000000,-0.0003000000,0.0037188303,-0.0080884125
2023-08-15,-0.0116180607,0.0000333333,0.0007000000,0.0002000000,0.0011669467,-0.0176086721
2023-08-16,-0.0075841303,0.0006000000,0.0001000000,-0.0002000000,0.0011838660,-0.0206912529
2023-08-17,-0.0077427624,0.0000666667,0.0006000000,0.0003000000,0.0014040229,0.0128888727
2023-08-18,-0.0001487402,-0.0003000000,-0.0001000000,0.0002000000,-0.0007644540,0.0101435803
2023-08-21,0.0068556215,0.0006666667,0.0002000000,-0.0001000000,0.0002540528,-0.0066683379
2023-08-22,-0.0027812821,0.0000666667,-0.0008000000,-0.0006000000,-0.0008911291,-0.0057157213
2023-08-23,0.0109843390,-0.0012333333,-0.0008000000,0.0001000000,-0.0027014890,-0.0168387995
2023-08-24,-0.0135494202,0.0003333333,0.0000000000,-0.0003000000,0.0017039445,0.0077005998
2023-08-25,0.0066955233,0.0002333333,-0.0005000000,-0.0004000000,0.0023119515,0.0118758818
2023-08-28,0.0062450565,-0.0003666667,0.0004000000,0.0006000000,-0.0016459802,0.0022343604
2023-08-29,0.0144041080,-0.0008333333,0.0005000000,0.0002000000,-0.0004040196,0.0060572532
2023-08-30,0.0038258022,0.0001000000,-0.0003000000,-0.0002000000,-0.0039423430,0.0061432802
2023-08-31,-0.0015982217,-0.0003666667,0.0002000000,0.0001000000,0.0035938905,0.0231259171
2023-09-01,0.0017975431,0.0006666667,0.0007000000,-0.0001000000,0.0044318368,0.0233050117
2023-09-05,-0.0042030109,0.0008333333,0.0002000000,0.0002000000,0.0055781988,0.0141648717
2023-09-06,-0.0069959927,0.0003000000,-0.0008000000,-0.0005000000,0.0035560839,0.0092949203
2023-09-07,-0.0032164682,-0.0003666667,0.0006000000,0.0002000000,0.0007029779,-0.0077973105
2023-09-08,0.0014255842,0.0000000000,-0.0007000000,-0.0002000000,-0.0000434604,0.0073403243
2023-09-11,0.0067010128,0.0002000000,0.0005000000,0.0001000000,-0.0050056396,-0.0024026097
2023-09-12,-0.0057121558,-0.0001000000,-0.0003000000,-0.0001000000,-0.0003898942,0.0178241649
2023-09-13,0.0012408533,-0.0001666667,0.0001000000,0.0002000000,-0.0019509287,-0.0031556433
2023-09-14,0.0083945507,0.0004333333,0.0001000000,-0.0001000000,0.0015237664,0.0172340881
2023-09-15,-0.0122340847,0.0003000000,0.0001000000,-0.0002000000,-0.0003341054,0.0077365549
2023-09-18,0.0007210364,0.0000000000,-0.0005000000,-0.0001000000,-0.0000429056,0.0070214222
2023-09-19,-0.0021534196,0.0003666667,-0.0000000000,-0.0002000000,-0.0002417908,-0.0033948453
2023-09-20,-0.0094392046,-0.0000333333,-0.0007000000,-0.0002000000,-0.0016495323,-0.0217351648
2023-09-21,-0.0165368740,0.0010000000,0.0016000000,-0.0007000000,0.0048491421,0.0040277521
2023-09-22,-0.0022982510,-0.0003333333,-0.0001000000,0.0007000000,-0.0001826534,0.0049008786
2023-09-25,0.0040150213,0.0008000000,0.0015000000,0.0002000000,0.0047914085,-0.0035618916
2023-09-26,-0.0148441287,-0.0000333333,0.0008000000,0.0002000000,0.0029429042,0.0193258734
2023-09-27,0.0002292923,0.0004666667,-0.0003000000,-0.0000000000,0.0041985903,0.0242043150
2023-09-28,0.0058757769,-0.0003333333,0.0004000000,0.0003000000,-0.0037088112,-0.0218009929
2023-09-29,-0.0027131687,0.0000333333,0.0003000000,-0.0002000000,-0.0018501740,-0.0096481397
2023-10-02,0.0000792870,0.0009000000,-0.0001000000,-0.0000000000,0.0060873460,-0.0218295783
2023-10-03,-0.0138394102,0.0009666667,0.0011000000,0.0004000000,0.0059172274,0.0050542029
2023-10-04,0.0080770938,-0.0008666667,0.0002000000,0.0001000000,-0.0015377193,-0.0569343744
2023-10-05,-0.0013048674,-0.0000333333,0.0004000000,0.0002000000,0.0024622842,-0.0242479771
2023-10-06,0.0117456283,0.0005666667,0.0001000000,-0.0001000000,-0.0043922231,0.0064192069
2023-10-10,0.0114784904,-0.0011333333,0.0002000000,-0.0001000000,-0.0034764708,0.0362770932
2023-10-11,0.0042838287,-0.0005666667,-0.0015000000,-0.0001000000,-0.0012902025,-0.0258284303
2023-10-12,-0.0062659489,0.0010666667,0.0006000000,0.0001000000,0.0035807857,-0.0099658626
2023-10-13,-0.0050314774,-0.0005666667,-0.0006000000,-0.0001000000,0.0031222992,0.0563066507
2023-10-16,0.0105386195,0.0007333333,0.0004000000,0.0001000000,-0.0022428880,-0.0117027494
2023-10-17,-0.0000983213,0.0009666667,-0.0003000000,-0.0003000000,-0.0016093255,0.0001154002
2023-10-18,-0.0134903862,0.0004666667,0.0006000000,-0.0002000000,0.0056257868,0.0193137825
2023-10-19,-0.0085190097,0.0004333333,0.0016000000,0.0004000000,-0.0001356957,0.0112550428
2023-10-20,-0.0126651862,-0.0004666667,0.0005000000,0.0006000000,-0.0015035773,-0.0025774654
2023-10-23,-0.0016869643,-0.0005666667,-0.0006000000,-0.0003000000,-0.0026521239,-0.0415843661
2023-10-24,0.0072394914,-0.0003666667,-0.0002000000,-0.0001000000,0.0028915542,-0.0107015780
2023-10-25,-0.0144433979,0.0010333333,0.0007000000,-0.0001000000,0.0011760965,0.0174630866
2023-10-26,-0.0119030718,-0.0007666667,-0.0002000000,-0.0001000000,0.0017700227,-0.0267279112
2023-10-27,-0.0048118718,-0.0001000000,0.0005000000,0.0006000000,-0.0031208329,0.0263792969
2023-10-30,0.0119385449,0.0003000000,-0.0003000000,-0.0002000000,-0.0017196463,-0.0356103161
2023-10-31,0.0064540892,0.0001333333,-0.0004000000,-0.0001000000,0.0034686417,-0.0168826503
2023-11-01,0.0104511807,-0.0010333333,0.0004000000,0.0006000000,-0.0003569862,-0.0072530898
2023-11-02,0.0186829564,-0.0007000000,-0.0017000000,-0.0007000000,-0.0073814357,0.0242561712
2023-11-03,0.0093498696,-0.0010000000,0.0010000000,0.0002000000,-0.0092005904,-0.0225303325
2023-11-06,0.0017514263,0.0009000000,-0.0003000000,-0.0002000000,-0.0008874107,0.0043016105
2023-11-07,0.0028361157,-0.0006666667,-0.0007000000,-0.0001000000,0.0035228106,-0.0448978228
2023-11-08,0.0010044333,-0.0006000000,-0.0013000000,0.0001000000,0.0001220460,-0.0274381688
2023-11-09,-0.0081167622,0.0012000000,0.0003000000,-0.0001000000,0.0002907206,0.0064393415
2023-11-13,0.0146596376,-0.0000666667,-0.0001000000,-0.0004000000,0.0024395392,0.0324770811
2023-11-14,0.0188952828,-0.0018333333,0.0008000000,0.0004000000,-0.0088311009,0.0005070994
2023-11-15,0.0015958077,0.0008666667,-0.0003000000,-0.0003000000,-0.0022695698,-0.0224296490
2023-11-16,0.0011896414,-0.0006666667,0.0002000000,0.0001000000,0.0008297204,-0.0484661726
2023-11-17,0.0012812756,0.0000000000,-0.0009000000,-0.0003000000,-0.0027080076,0.0396131008
2023-11-20,0.0073631339,-0.0001000000,-0.0003000000,-0.0002000000,-0.0049307237,0.0210915498
2023-11-21,-0.0020229888,-0.0001333333,0.0003000000,0.0001000000,-0.0002428503,0.0031959120
2023-11-22,0.0040528665,0.0000666667,-0.0005000000,-0.0006000000,0.0037865704,-0.0199813286
2023-11-24,0.0005967556,0.0004333333,0.0002000000,0.0001000000,-0.0038996989,-0.0259857661
2023-11-27,-0.0019561422,-0.0007666667,0.0001000000,-0.0001000000,-0.0003120015,-0.0049568056
2023-11-28,0.0009796471,-0.0005666667,0.0010000000,0.0004000000,-0.0048598005,0.0216547817
2023-11-29,-0.0009466838,-0.0008000000,0.0001000000,-0.0003000000,0.0018838273,0.0191349802
2023-11-30,0.0037769912,0.0009666667,0.0001000000,-0.0005000000,0.0035616237,-0.0248022112
2023-12-01,0.0058565417,-0.0015333333,0.0003000000,0.0004000000,-0.0025063943,-0.0262468200
2023-12-04,-0.0054231666,0.0005666667,-0.0005000000,-0.0004000000,0.0044115437,-0.0132488450
2023-12-05,-0.0005691171,-0.0010000000,-0.0006000000,-0.0002000000,0.0026410918,-0.0107825208
2023-12-06,-0.0039137791,-0.0003666667,-0.0011000000,-0.0002000000,-0.0021373701,-0.0421548258
2023-12-07,0.0079366104,0.0001000000,0.0005000000,0.0000000000,0.0005631707,0.0002898971
2023-12-08,0.0040870746,0.0009333333,-0.0007000000,-0.0002000000,0.0013208378,0.0267407082
2023-12-11,0.0039168517,0.0000333333,0.0001000000,0.0000000000,0.0013835988,0.0011281908
2023-12-12,0.0045887581,-0.0001000000,-0.0004000000,-0.0001000000,-0.0020379992,-0.0385049722
2023-12-13,0.0135584204,-0.0018000000,0.0016000000,0.0001000000,0.0039315495,0.0119395711
2023-12-14,0.0026435734,-0.0012333333,-0.0007000000,-0.0004000000,-0.0132002944,0.0302232555
2023-12-15,-0.0000762814,0.0001000000,-0.0010000000,0.0000000000,0.0014199366,-0.0022494035
2023-12-18,0.0045180975,0.0002666667,0.0006000000,0.0001000000,0.0014354365,0.0155020212
2023-12-19,0.0058492552,-0.0002000000,0.0000000000,-0.0001000000,-0.0037347552,0.0147192973
2023-12-20,-0.0147931442,-0.0006333333,0.0002000000,0.0006000000,0.0006719477,0.0087016185
2023-12-21,0.0102487901,0.0002333333,0.0006000000,0.0001000000,-0.0018981812,-0.0037976446
2023-12-22,0.0016587068,0.0000333333,0.0004000000,0.0001000000,-0.0021335753,-0.0040849730
2023-12-26,0.0042227364,-0.0002333333,0.0004000000,-0.0001000000,-0.0014708975,0.0342016840
2023-12-27,0.0014294193,-0.0008333333,-0.0003000000,-0.0000000000,-0.0034934254,-0.0203803258
2023-12-28,0.0003701020,0.0004666667,-0.0003000000,-0.0002000000,-0.0005276860,-0.0313016739
2023-12-29,-0.0028304730,0.0002000000,0.0008000000,-0.0001000000,0.0000878263,-0.0018066852
2024-01-02,-0.0056766609,0.0007333333,-0.0005000000,0.0001000000,0.0071337098,-0.0178237825
2024-01-03,-0.0080486143,-0.0002333333,-0.0003000000,0.0004000000,0.0035754318,0.0327350073
2024-01-04,-0.0034342967,0.0007000000,0.0003000000,-0.0001000000,-0.0006267848,-0.0081183796
2024-01-05,0.0018240092,0.0005333333,0.0006000000,0.0000000000,-0.0019480460,0.0221350751
2024-01-08,0.0140159871,-0.0004000000,0.0000000000,0.0000000000,-0.0011515322,-0.0405405026
2024-01-09,-0.0014789857,0.0000666667,0.0001000000,-0.0002000000,0.0034823815,0.0190959876
2024-01-10,0.0056499398,0.0001666667,0.0001000000,-0.0004000000,0.0007918874,-0.0119445865
2024-01-11,-0.0006712890,-0.0006333333,0.0009000000,0.0004000000,0.0010865711,0.0080712935
2024-01-12,0.0007507265,-0.0004000000,0.0014000000,0.0001000000,-0.0029871515,0.0108899002
2024-01-16,-0.0037382986,0.0009666667,0.0002000000,0.0001000000,0.0086785804,-0.0042591258
2024-01-17,-0.0056327271,0.0005333333,-0.0011000000,-0.0002000000,0.0038432917,0.0022005235
2024-01-18,0.0087667247,0.0003333333,0.0006000000,-0.0001000000,-0.0012458166,0.0208015114
2024-01-19,0.0122382839,0.0001666667,-0.0006000000,-0.0003000000,-0.0020311872,-0.0085129897
2024-01-22,0.0021918971,-0.0003333333,-0.0002000000,0.0000000000,-0.0002188492,0.0210816804
2024-01-23,0.0029171315,0.0001000000,0.0012000000,0.0003000000,0.0039906076,-0.0072009912
2024-01-24,0.0008116592,0.0003333333,0.0000000000,-0.0001000000,-0.0050374354,0.0101199266
2024-01-25,0.0052465061,-0.0004333333,0.0003000000,-0.0001000000,0.0028136617,0.0316865938
2024-01-26,-0.0006520098,0.0002333333,-0.0006000000,-0.0002000000,-0.0017709793,0.0069071648
2024-01-29,0.0075283738,-0.0006333333,-0.0002000000,0.0002000000,0.0019588272,-0.0154145634
2024-01-30,-0.0006008383,0.0000666667,-0.0010000000,-0.0002000000,-0.0020815368,0.0135006872
2024-01-31,-0.0162367880,-0.0007333333,0.0003000000,0.0003000000,-0.0014056017,-0.0261368223
2024-02-01,0.0124162779,-0.0010333333,-0.0005000000,0.0002000000,-0.0008273573,-0.0254926179
2024-02-02,0.0106277864,0.0014666667,-0.0004000000,-0.0004000000,0.0047132454,-0.0223017130
2024-02-05,-0.0031914641,0.0012333333,0.0003000000,-0.0003000000,0.0036903914,0.0067155738
2024-02-06,0.0023077617,-0.0007000000,0.0001000000,0.0002000000,-0.0032206998,0.0084331294
2024-02-07,0.0082076669,0.0001333333,-0.0000000000,0.0002000000,-0.0004457056,0.0058072957
2024-02-08,0.0005704010,0.0005333333,0.0000000000,-0.0000000000,0.0014455462,0.0319380488
2024-02-09,0.0057259756,0.0001666667,-0.0001000000,-0.0001000000,-0.0003370246,0.0076658597
2024-02-12,-0.0009494002,-0.0000666667,0.0002000000,-0.0001000000,-0.0008364439,0.0010349289
2024-02-13,-0.0137686248,0.0013666667,-0.0009000000,-0.0004000000,0.0048041403,0.0120808563
2024-02-14,0.0095341291,-0.0004333333,0.0007000000,0.0002000000,-0.0009879780,-0.0153185721
2024-02-15,0.0058044000,-0.0002000000,-0.0003000000,0.0001000000,-0.0015506224,0.0177428157
2024-02-16,-0.0048150123,0.0005666667,-0.0005000000,-0.0004000000,-0.0005083293,0.0149256502
2024-02-20,-0.0060234145,-0.0003000000,0.0004000000,0.0003000000,-0.0010785795,-0.0117447836
2024-02-21,0.0012633936,0.0005000000,0.0000000000,-0.0002000000,0.0001487248,0.0021572244
2024-02-22,0.0209028917,0.0001333333,-0.0007000000,-0.0005000000,0.0005294460,0.0094620021
2024-02-23,0.0003478832,-0.0006333333,-0.0008000000,0.0000000000,-0.0005377079,-0.0259490520
2024-02-26,-0.0037939352,0.0002333333,0.0001000000,0.0004000000,0.0001842244,0.0119132902
2024-02-27,0.0017048185,0.0002666667,0.0003000000,0.0000000000,-0.0007809147,0.0160427871
2024-02-28,-0.0016594505,-0.0004666667,0.0002000000,0.0002000000,0.0013490702,-0.0045214847
2024-02-29,0.0052154204,-0.0001333333,-0.0002000000,-0.0000000000,0.0004490109,-0.0027732275
2024-03-01,0.0079759251,-0.0007000000,0.0005000000,0.0002000000,-0.0014145716,0.0209850319
2024-03-04,-0.0011939974,0.0004333333,-0.0004000000,0.0000000000,-0.0011501425,-0.0153207207
2024-03-05,-0.0102453490,-0.0008333333,-0.0002000000,0.0002000000,0.0001042371,-0.0070538144
2024-03-06,0.0051279595,-0.0001333333,-0.0004000000,-0.0002000000,-0.0034779473,0.0121868460
2024-03-07,0.0102513829,-0.0002000000,0.0006000000,0.0002000000,-0.0022771121,-0.0033773251
2024-03-08,-0.0065499381,-0.0000333333,0.0003000000,0.0000000000,-0.0017979243,-0.0107074148
2024-03-11,-0.0011228683,0.0001333333,-0.0003000000,0.0000000000,0.0005366345,-0.0011404677
2024-03-12,0.0111394974,0.0006000000,-0.0002000000,-0.0004000000,0.0010607554,-0.0045749222
2024-03-13,-0.0019263916,0.0003333333,0.0001000000,0.0000000000,-0.0016874127,0.0271407537
2024-03-14,-0.0028752059,0.0008666667,0.0002000000,-0.0002000000,0.0023046972,0.0183018067
2024-03-15,-0.0065039961,0.0001666667,-0.0005000000,-0.0004000000,0.0013239625,-0.0026812935
2024-03-18,0.0062981689,0.0002333333,0.0002000000,0.0000000000,0.0014516001,0.0210127282
2024-03-19,0.0056332831,-0.0003666667,0.0003000000,0.0001000000,0.0029647024,0.0084489109
2024-03-20,0.0088646978,-0.0003666667,0.0010000000,0.0006000000,-0.0000355575,-0.0191416300
2024-03-21,0.0032313725,0.0000666667,-0.0004000000,-0.0003000000,-0.0009952946,-0.0097099925
2024-03-22,-0.0014032464,-0.0004333333,-0.0002000000,0.0000000000,0.0031042271,-0.0109143275
2024-03-25,-0.0030595956,0.0000333333,0.0008000000,0.0000000000,-0.0012773846,0.0160238277
2024-03-26,-0.0028037482,-0.0000333333,-0.0004000000,-0.0000000000,0.0003692633,0.0000000000
2024-03-27,0.0085935659,-0.0003333333,-0.0002000000,0.0001000000,-0.0005394842,-0.0031599443
2024-03-28,0.0011158888,0.0001000000,-0.0007000000,-0.0004000000,0.0004511047,0.0217936505
2024-04-01,-0.0020155997,0.0013000000,0.0000000000,-0.0001000000,0.0037233336,0.0068843002
2024-04-02,-0.0072653957,0.0001666667,0.0006000000,0.0002000000,-0.0017428653,0.0165409367
2024-04-03,0.0010904938,-0.0000666667,0.0002000000,-0.0002000000,-0.0023415010,0.0031364375
2024-04-04,-0.0124109831,-0.0004000000,-0.0001000000,0.0002000000,-0.0021382986,0.0132498050
2024-04-05,0.0110380726,0.0007666667,-0.0001000000,-0.0002000000,0.0016820709,0.0036558935
2024-04-08,-0.0003747575,0.0003000000,-0.0004000000,-0.0003000000,-0.0018924253,-0.0051449265
2024-04-09,0.0014444458,-0.0005000000,-0.0001000000,-0.0002000000,-0.0002576202,-0.0138506369
2024-04-10,-0.0095019783,0.0018666667,-0.0009000000,-0.0004000000,0.0071645424,0.0108659028
2024-04-11,0.0074172372,-0.0000666667,0.0005000000,0.0001000000,0.0002911414,-0.0137757576
2024-04-12,-0.0146576070,-0.0005000000,0.0001000000,0.0004000000,0.0055794280,0.0077794297
2024-04-15,-0.0120941306,0.0010333333,0.0008000000,0.0001000000,0.0011155904,-0.0028956990
2024-04-16,-0.0020586902,0.0003666667,-0.0001000000,0.0000000000,0.0056885069,-0.0006962172
2024-04-17,-0.0057973364,-0.0006000000,-0.0002000000,0.0002000000,-0.0008344706,-0.0302857060
2024-04-18,-0.0022106329,0.0004333333,-0.0002000000,-0.0001000000,-0.0001544575,-0.0009576252
2024-04-19,-0.0087971023,-0.0001666667,-0.0001000000,-0.0001000000,0.0008597810,0.0034670368
2024-04-22,0.0086933277,0.0000000000,0.0000000000,0.0000000000,-0.0003786026,0.0003579739
2024-04-23,0.0118936246,-0.0003666667,0.0012000000,0.0000000000,-0.0027520161,0.0041669207
2024-04-24,0.0002129720,0.0004000000,0.0002000000,0.0002000000,0.0013623076,-0.0009509094
2024-04-25,-0.0045869419,0.0005333333,-0.0003000000,-0.0001000000,-0.0004199759,0.0098219830
2024-04-26,0.0101573735,-0.0002333333,-0.0004000000,-0.0002000000,0.0008845111,0.0054022445
2024-04-29,0.0031734157,-0.0002000000,-0.0004000000,0.0000000000,-0.0032766881,-0.0132046248
2024-04-30,-0.0158555548,0.0005666667,-0.0003000000,-0.0001000000,0.0035873426,-0.0091803923
2024-05-01,-0.0034413924,-0.0006333333,0.0003000000,-0.0001000000,0.0002560954,-0.0339882889
2024-05-02,0.0090870134,-0.0005333333,0.0007000000,0.0004000000,-0.0047128850,-0.0013640029
2024-05-03,0.0124785886,-0.0006666667,0.0000000000,0.0002000000,-0.0024605871,-0.0117325360
2024-05-06,0.0102731361,-0.0000666667,-0.0003000000,-0.0002000000,-0.0020177953,0.0056338177
2024-05-07,0.0013425358,-0.0001666667,-0.0003000000,-0.0002000000,0.0016533855,-0.0016242897
2024-05-08,-0.0000057829,0.0002000000,0.0001000000,0.0002000000,0.0008154390,0.0074748074
2024-05-09,0.0050780026,-0.0003666667,0.0000000000,0.0001000000,-0.0002389956,0.0035928924
2024-05-10,0.0016480214,0.0005333333,-0.0003000000,0.0000000000,-0.0012237006,-0.0130704543
2024-05-13,-0.0002412846,-0.0001666667,0.0001000000,-0.0000000000,0.0000991640,0.0112136734
2024-05-14,0.0048261001,-0.0003666667,0.0000000000,0.0000000000,-0.0008239336,-0.0135971658
2024-05-15,0.0116478797,-0.0008000000,0.0001000000,0.0001000000,-0.0046966564,0.0076321922
2024-05-16,-0.0020838743,0.0002333333,-0.0005000000,-0.0002000000,-0.0010775921,0.0076980763
2024-05-17,0.0011641104,0.0004333333,-0.0001000000,0.0001000000,0.0000973360,0.0099686999
2024-05-20,0.0009159961,0.0001000000,0.0003000000,-0.0001000000,-0.0000536161,-0.0033118706
2024-05-21,0.0024986983,-0.0002000000,-0.0003000000,0.0001000000,0.0012398593,-0.0090096259
2024-05-22,-0.0027097177,0.0002000000,-0.0004000000,-0.0002000000,0.0013740840,-0.0188980031
2024-05-23,-0.0074081768,0.0004000000,-0.0002000000,-0.0001000000,0.0016564332,-0.0214540217
2024-05-24,0.0069765789,0.0000000000,-0.0003000000,0.0001000000,-0.0010724637,0.0129530506
2024-05-28,0.0002488040,0.0006000000,0.0008000000,-0.0001000000,-0.0015404418,0.0303700088
2024-05-29,-0.0073943469,0.0005666667,0.0006000000,0.0002000000,0.0060272578,-0.0081916804
2024-05-30,-0.0059929167,-0.0005000000,-0.0001000000,-0.0001000000,-0.0016712808,-0.0160807485
2024-05-31,0.0079958649,-0.0003666667,-0.0001000000,0.0000000000,0.0011300589,-0.0126172578
2024-06-03,0.0011154343,-0.0009000000,-0.0003000000,0.0001000000,0.0020691448,-0.0353753522
2024-06-04,0.0015016920,-0.0006666667,-0.0002000000,0.0002000000,0.0030578231,-0.0132416835
2024-06-05,0.0117780264,-0.0004333333,0.0001000000,0.0004000000,-0.0015632425,0.0108471100
2024-06-06,-0.0001998694,-0.0000666667,-0.0001000000,-0.0003000000,-0.0013278609,0.0189979329
2024-06-07,-0.0011158932,0.0014000000,-0.0003000000,-0.0004000000,0.0095779731,0.0001306762
2024-06-10,0.0025775665,0.0002666667,0.0004000000,0.0000000000,0.0029378328,0.0285954569
2024-06-11,0.0027067548,-0.0006666667,0.0000000000,0.0002000000,0.0009873063,0.0016494326
2024-06-12,0.0084677272,-0.0006666667,-0.0000000000,0.0000000000,-0.0016573582,0.0085837437
2024-06-13,0.0023418287,-0.0007000000,0.0000000000,0.0003000000,0.0015654444,0.0006282591
2024-06-14,-0.0003939131,-0.0003666667,-0.0005000000,0.0002000000,0.0011756986,-0.0025154082
2024-06-17,0.0076351859,0.0007333333,-0.0002000000,-0.0001000000,0.0005603675,0.0238906473
2024-06-18,0.0025181898,-0.0005333333,0.0002000000,0.0000000000,-0.0021062257,0.0163418271
2024-06-20,-0.0025291523,0.0002333333,0.0002000000,0.0002000000,0.0017278511,0.0080718467
2024-06-21,-0.0015633874,0.0000000000,0.0000000000,0.0001000000,-0.0006717664,-0.0197522326
2024-06-24,-0.0030698792,0.0000000000,-0.0002000000,-0.0002000000,-0.0031966635,0.0111964173
2024-06-25,0.0039259309,-0.0003333333,0.0004000000,0.0002000000,0.0018509685,-0.0080194840
2024-06-26,0.0015711783,0.0008000000,0.0003000000,0.0000000000,0.0025648509,0.0026803135
2024-06-27,0.0009068707,-0.0002000000,-0.0001000000,0.0000000000,0.0006267149,0.0102887793
2024-06-28,-0.0040919885,0.0005333333,0.0007000000,0.0000000000,-0.0010267627,-0.0025321048
2024-07-01,0.0026720159,0.0010333333,0.0007000000,0.0000000000,0.0020621134,0.0223252870
2024-07-02,0.0061762198,-0.0004000000,-0.0001000000,0.0001000000,-0.0014069879,-0.0072279478
2024-07-03,0.0050715162,-0.0005666667,-0.0004000000,-0.0003000000,-0.0041512787,0.0129964022
2024-07-05,0.0054339884,-0.0008333333,0.0005000000,0.0003000000,-0.0024315187,-0.0088428331
2024-07-08,0.0010161544,0.0000333333,-0.0003000000,-0.0002000000,-0.0009609706,-0.0096389156
2024-07-09,0.0007408185,0.0001666667,0.0003000000,0.0002000000,0.0004011919,-0.0102158211
2024-07-10,0.0101562836,-0.0001333333,-0.0002000000,-0.0000000000,-0.0017648261,0.0073419118
2024-07-11,-0.0088016292,-0.0008666667,0.0006000000,0.0002000000,-0.0034192793,0.0063355660
2024-07-12,0.0055018536,-0.0003000000,0.0003000000,0.0000000000,-0.0026801599,-0.0051370999
2024-07-15,0.0028221957,0.0003666667,0.0008000000,-0.0000000000,0.0015856367,-0.0032391607
2024-07-16,0.0063690537,-0.0005000000,-0.0007000000,-0.0002000000,0.0007474698,-0.0157445423
2024-07-17,-0.0140254106,-0.0001000000,0.0000000000,-0.0000000000,-0.0016995295,0.0269765877
2024-07-18,-0.0078470805,0.0004000000,0.0000000000,0.0001000000,0.0022249508,0.0001188142
2024-07-19,-0.0071659074,0.0004000000,0.0001000000,0.0000000000,0.0028958550,-0.0330948077
2024-07-22,0.0107341892,0.0001666667,0.0002000000,0.0001000000,0.0005698880,-0.0022129343
2024-07-23,-0.0015593318,-0.0003666667,0.0010000000,0.0001000000,0.0013552231,-0.0377497955
2024-07-24,-0.0234211784,0.0002000000,0.0009000000,0.0006000000,0.0014027599,0.0068781318
2024-07-25,-0.0051559504,-0.0000333333,-0.0008000000,-0.0003000000,-0.0002339266,0.0082169731
2024-07-26,0.0110294423,-0.0005666667,0.0000000000,0.0003000000,0.0011601915,-0.0107589165
2024-07-29,0.0008129903,-0.0002000000,-0.0003000000,0.0001000000,0.0037706169,-0.0168114322
2024-07-30,-0.0049724964,-0.0001666667,-0.0001000000,-0.0001000000,0.0011778218,-0.0143380976
2024-07-31,0.0156700053,-0.0005666667,0.0001000000,0.0003000000,-0.0052290590,0.0410267786
2024-08-01,-0.0137881914,-0.0010333333,0.0005000000,0.0003000000,0.0018746980,-0.0206245376
2024-08-02,-0.0185528853,-0.0021000000,0.0012000000,0.0009000000,-0.0032441544,-0.0360151541
2024-08-05,-0.0304270455,-0.0002000000,-0.0006000000,0.0005000000,0.0008953770,-0.0070927029
2024-08-06,0.0103009056,0.0011333333,0.0002000000,-0.0007000000,0.0006026731,0.0018784388
2024-08-07,-0.0077647564,0.0005000000,0.0007000000,0.0002000000,-0.0006746945,0.0275004110
2024-08-08,0.0227811286,0.0003000000,-0.0002000000,-0.0002000000,-0.0009975047,0.0124418401
2024-08-09,0.0046607802,-0.0003000000,-0.0006000000,-0.0001000000,-0.0042131097,0.0082093842
2024-08-12,0.0000430367,-0.0004000000,0.0000000000,0.0001000000,0.0023790576,0.0396971925
2024-08-13,0.0167072267,-0.0005333333,0.0005000000,0.0002000000,-0.0016715743,-0.0203405252
2024-08-14,0.0038164761,-0.0001666667,-0.0005000000,-0.0006000000,-0.0047660598,-0.0169324237
2024-08-15,0.0160044440,0.0009666667,-0.0008000000,-0.0006000000,0.0012627846,0.0150511916
2024-08-16,0.0019878411,-0.0002666667,-0.0001000000,0.0001000000,-0.0015282783,-0.0204179308
2024-08-19,0.0096753274,-0.0002333333,-0.0004000000,-0.0001000000,-0.0042443857,-0.0289875369
2024-08-20,-0.0019865482,-0.0005000000,0.0003000000,0.0001000000,-0.0008700949,-0.0072804610
2024-08-21,0.0042307183,-0.0003666667,0.0006000000,0.0000000000,0.0006624901,-0.0339152954
2024-08-22,-0.0089729494,0.0007000000,0.0000000000,0.0001000000,0.0041692643,0.0131077792
2024-08-23,0.0114179862,-0.0005666667,0.0006000000,0.0000000000,-0.0074062473,0.0280879773
2024-08-26,-0.0031587066,0.0001000000,0.0000000000,0.0000000000,0.0019296419,0.0334618173
2024-08-27,0.0015939320,-0.0001666667,0.0010000000,0.0001000000,0.0014197649,-0.0245331865
2024-08-28,-0.0059939669,0.0000333333,0.0000000000,0.0000000000,0.0002223485,-0.0132905437
2024-08-29,-0.0000393414,0.0003000000,-0.0002000000,-0.0002000000,0.0027772380,0.0185056794
2024-08-30,0.0100424674,0.0004333333,0.0001000000,0.0000000000,0.0007597334,-0.0314383308
2024-09-03,-0.0213780125,-0.0005666667,-0.0004000000,0.0004000000,0.0037118480,-0.0444517626
2024-09-04,-0.0016037654,-0.0008666667,0.0005000000,-0.0000000000,-0.0021745210,-0.0165503459
2024-09-05,-0.0030226413,-0.0003000000,-0.0003000000,0.0000000000,-0.0004988413,-0.0002853067
2024-09-06,-0.0174109017,-0.0003000000,0.0010000000,0.0000000000,0.0003739502,-0.0217791835
2024-09-09,0.0115135557,-0.0001000000,-0.0005000000,-0.0000000000,0.0017658000,0.0154817532
2024-09-10,0.0044626607,-0.0005666667,0.0006000000,0.0001000000,0.0023725943,-0.0428280733
2024-09-11,0.0106085803,0.0000666667,-0.0004000000,0.0001000000,-0.0018854074,0.0225228071
2024-09-12,0.0074673729,0.0003000000,0.0002000000,-0.0001000000,-0.0027167713,0.0237451434
2024-09-13,0.0053930969,-0.0003666667,0.0005000000,-0.0002000000,-0.0064499067,-0.0043016986
2024-09-16,0.0012558721,-0.0002666667,-0.0003000000,-0.0002000000,-0.0012954824,0.0214664580
2024-09-17,0.0002644735,0.0002333333,-0.0001000000,-0.0002000000,0.0008679531,0.0147985389
2024-09-18,-0.0029006031,0.0004666667,0.0005000000,-0.0001000000,-0.0003396872,-0.0040269443
2024-09-19,0.0168342912,0.0001333333,0.0005000000,0.0000000000,-0.0021073209,0.0136808601
2024-09-20,-0.0019428555,-0.0001000000,0.0005000000,0.0000000000,0.0008182568,-0.0019233417
2024-09-23,0.0028053309,0.0002000000,-0.0000000000,-0.0002000000,0.0002067243,-0.0192994536
2024-09-24,0.0025079697,-0.0003000000,0.0008000000,0.0001000000,-0.0024835167,0.0140602302
2024-09-25,-0.0018629116,0.0004666667,0.0001000000,-0.0001000000,0.0026020962,-0.0268999128
2024-09-26,0.0040304808,0.0001666667,-0.0009000000,0.0000000000,-0.0030199196,-0.0308604158
2024-09-27,-0.0012539689,-0.0003666667,0.0003000000,0.0001000000,0.0002692106,0.0064233797
2024-09-30,0.0042275934,0.0007000000,-0.0007000000,-0.0003000000,0.0014463848,0.0004364589
2024-10-01,-0.0093678521,-0.0006000000,-0.0001000000,0.0002000000,0.0033065228,0.0238585620
2024-10-02,0.0001383745,0.0004333333,0.0004000000,-0.0001000000,-0.0009512437,0.0046758852
2024-10-03,-0.0016828115,0.0005666667,-0.0003000000,-0.0002000000,0.0044917412,0.0495034550
2024-10-04,0.0089302760,0.0014666667,-0.0015000000,-0.0005000000,0.0008185336,0.0080397056
2024-10-07,-0.0096322841,0.0005000000,-0.0002000000,-0.0003000000,0.0016710012,0.0370728158
2024-10-08,0.0096427169,0.0000666667,0.0003000000,0.0001000000,0.0019454354,-0.0460547114
2024-10-09,0.0070882039,0.0001666667,0.0001000000,-0.0001000000,0.0017886776,-0.0055364398
2024-10-10,-0.0020722280,0.0002000000,0.0005000000,0.0000000000,0.0017318683,0.0347317193
2024-10-11,0.0060336119,-0.0001000000,0.0004000000,0.0000000000,-0.0009314211,-0.0045880660
2024-10-15,0.0000395519,-0.0004000000,-0.0007000000,-0.0001000000,0.0043157497,-0.0664059844
2024-10-16,0.0046681557,-0.0001666667,-0.0000000000,-0.0002000000,0.0033228839,-0.0035164253
2024-10-17,-0.0001711751,0.0006333333,0.0006000000,0.0002000000,0.0015215555,0.0040779076
2024-10-18,0.0039637370,-0.0001000000,0.0000000000,0.0000000000,-0.0015619037,-0.0209877244
2024-10-21,-0.0018244427,0.0009666667,0.0004000000,0.0001000000,0.0044864247,0.0195834270
2024-10-22,-0.0004750034,0.0000666667,-0.0001000000,0.0001000000,-0.0005223267,0.0233343921
2024-10-23,-0.0092337774,0.0003333333,-0.0002000000,-0.0001000000,0.0022673289,-0.0203876419
2024-10-24,0.0021434832,-0.0002333333,-0.0004000000,-0.0002000000,-0.0014477996,-0.0111307947
2024-10-25,-0.0002995357,0.0004000000,0.0000000000,-0.0001000000,0.0007851537,0.0201970400
2024-10-28,0.0026479514,0.0002000000,0.0001000000,0.0000000000,0.0015804791,-0.0625965036
2024-10-29,0.0016128427,-0.0000666667,-0.0000000000,-0.0002000000,0.0004293688,-0.0025160969
2024-10-30,-0.0033056916,0.0000666667,-0.0007000000,-0.0005000000,-0.0003676758,0.0209700477
2024-10-31,-0.0187901826,-0.0000666667,-0.0003000000,0.0002000000,-0.0001322041,0.0096758644
2024-11-01,0.0040842263,0.0008000000,0.0005000000,0.0000000000,0.0000705110,0.0033000963
2024-11-04,-0.0028160686,-0.0005666667,-0.0003000000,0.0000000000,-0.0017425973,0.0285249501
2024-11-05,0.0121910613,-0.0003000000,-0.0008000000,-0.0001000000,-0.0002978203,0.0059685096
2024-11-06,0.0249812338,0.0013333333,0.0008000000,-0.0005000000,0.0091930254,-0.0038824231
2024-11-07,0.0074037444,-0.0008333333,-0.0002000000,0.0004000000,-0.0074138439,0.0098155208
2024-11-08,0.0037498039,-0.0000333333,-0.0010000000,-0.0006000000,0.0064396496,-0.0278997033
2024-11-12,-0.0019282899,0.0010666667,0.0003000000,-0.0002000000,0.0094715622,-0.0324927952
2024-11-13,0.0002322595,-0.0000333333,0.0012000000,0.0005000000,0.0014266946,0.0048108556
2024-11-14,-0.0060681150,0.0000333333,-0.0012000000,-0.0002000000,0.0003488756,0.0033393860
2024-11-15,-0.0132914640,-0.0000333333,0.0005000000,0.0002000000,-0.0009193092,-0.0243556640
2024-11-18,0.0039101598,-0.0000666667,0.0003000000,0.0001000000,-0.0022115341,0.0311451448
2024-11-19,0.0039557737,-0.0003000000,-0.0002000000,0.0000000000,-0.0016213192,0.0041663734
2024-11-20,0.0000219704,0.0002666667,-0.0002000000,0.0001000000,0.0037950230,-0.0071942756
2024-11-21,0.0053262353,0.0002333333,-0.0001000000,0.0000000000,0.0017693984,0.0163280626
2024-11-22,0.0034619792,-0.0000000000,-0.0004000000,-0.0000000000,0.0028793005,0.0181605610
2024-11-25,0.0030158821,-0.0015000000,0.0001000000,-0.0001000000,-0.0037443160,-0.0321808193
2024-11-26,0.0057057362,0.0002000000,0.0003000000,0.0001000000,0.0034218382,-0.0052000695
2024-11-27,-0.0038085396,-0.0003666667,-0.0002000000,-0.0000000000,-0.0047952781,-0.0002896871
2024-11-29,0.0055921789,-0.0007000000,-0.0002000000,0.0001000000,-0.0018997615,-0.0112172492
2024-12-02,0.0024454606,0.0001666667,-0.0004000000,-0.0003000000,0.0043152207,0.0013176197
2024-12-03,0.0004513505,0.0002666667,0.0004000000,-0.0001000000,-0.0013436519,0.0259942434
2024-12-04,0.0060331238,-0.0004333333,-0.0001000000,-0.0001000000,-0.0015694847,-0.0192867233
2024-12-05,-0.0018714648,-0.0000666667,-0.0004000000,0.0001000000,-0.0025973015,-0.0033481362
2024-12-06,0.0024923197,-0.0002000000,0.0006000000,0.0002000000,0.0020496490,0.0000000000
2024-12-09,-0.0061631802,0.0004333333,0.0002000000,0.0000000000,-0.0007098692,0.0010201852
2024-12-10,-0.0029682941,0.0002000000,0.0000000000,-0.0001000000,0.0028309448,0.0029090930
2024-12-11,0.0081326619,0.0003666667,0.0007000000,0.0001000000,-0.0008565621,0.0246748998
2024-12-12,-0.0054287411,0.0005333333,0.0004000000,0.0002000000,0.0008455347,-0.0045448168
2024-12-13,-0.0000264412,0.0007000000,-0.0001000000,-0.0002000000,0.0027844961,0.0181964256
2024-12-16,0.0037921163,-0.0000666667,-0.0001000000,0.0000000000,-0.0003213157,-0.0071544108
2024-12-17,-0.0038714440,0.0000000000,-0.0001000000,-0.0003000000,0.0018494901,-0.0101882868
2024-12-18,-0.0299365545,0.0008666667,-0.0004000000,-0.0002000000,0.0010778140,0.0069449645
2024-12-19,-0.0008654735,0.0004333333,0.0012000000,0.0003000000,0.0077634713,-0.0099362067
2024-12-20,0.0108104763,-0.0003000000,0.0000000000,0.0003000000,-0.0057973979,-0.0055790145
2024-12-23,0.0072608955,0.0004333333,0.0006000000,-0.0001000000,0.0031936625,-0.0030170269
2024-12-24,0.0109821973,-0.0001000000,-0.0001000000,-0.0003000000,0.0002774316,0.0195204603
2024-12-26,-0.0004057087,0.0000000000,-0.0001000000,0.0001000000,-0.0000374020,-0.0069380809
2024-12-27,-0.0111173047,0.0003666667,0.0005000000,-0.0000000000,0.0009120546,0.0127066513
2024-12-30,-0.0107596902,-0.0006333333,0.0002000000,0.0003000000,0.0028802389,0.0062932870
2024-12-31,-0.0042939965,0.0001666667,0.0000000000,-0.0001000000,0.0035412942,0.0098495629
2025-01-02,-0.0022263498,0.0000000000,0.0001000000,0.0003000000,0.0014091515,0.0184645881
2025-01-03,0.0125172873,0.0003000000,0.0000000000,-0.0001000000,-0.0000486649,0.0114533355
2025-01-06,0.0055228223,0.0001666667,0.0003000000,-0.0000000000,-0.0070971628,-0.0044310244
2025-01-07,-0.0111660048,0.0004333333,0.0004000000,0.0003000000,0.0005833149,0.0091092391
2025-01-08,0.0015591077,-0.0000666667,0.0002000000,0.0001000000,0.0036128511,-0.0134248224
2025-01-10,-0.0155316444,0.0009000000,-0.0007000000,-0.0006000000,0.0060854833,0.0433758330
2025-01-13,0.0015741743,0.0001000000,0.0001000000,0.0002000000,0.0013458626,0.0293313554
2025-01-14,0.0011456334,-0.0001000000,0.0004000000,-0.0000000000,-0.0050890067,-0.0173674898
2025-01-15,0.0181471330,-0.0010666667,0.0000000000,0.0000000000,-0.0013302893,0.0318406059
2025-01-16,-0.0021148718,-0.0004333333,-0.0000000000,0.0002000000,0.0017537542,-0.0172418064
2025-01-17,0.0099414259,0.0001333333,-0.0004000000,0.0000000000,0.0003854444,-0.0100057829
2025-01-21,0.0087299968,-0.0002000000,-0.0006000000,0.0000000000,-0.0083040093,-0.0227882407
2025-01-22,0.0061192006,0.0001666667,0.0002000000,-0.0003000000,-0.0005834349,-0.0087633809
2025-01-23,0.0052994451,0.0003333333,0.0005000000,-0.0000000000,-0.0009666491,-0.0144230089
2025-01-24,-0.0028592608,-0.0002000000,0.0000000000,0.0000000000,-0.0059066816,-0.0008000000
2025-01-27,-0.0146879849,-0.0009666667,0.0001000000,0.0002000000,0.0049312902,-0.0196665821
2025-01-28,0.0091755763,0.0002000000,0.0000000000,0.0000000000,0.0014861168,0.0086686172
2025-01-29,-0.0046898536,0.0001000000,-0.0001000000,0.0000000000,0.0004683905,-0.0164528832
2025-01-30,0.0052615707,-0.0003000000,0.0000000000,0.0000000000,-0.0018826860,0.0021911814
2025-01-31,-0.0050595813,0.0005666667,0.0003000000,0.0000000000,0.0029807118,-0.0035631119
2025-02-03,-0.0076376970,-0.0002000000,-0.0010000000,0.0001000000,0.0048619656,0.0092922232
2025-02-04,0.0071988975,-0.0003000000,0.0003000000,0.0000000000,-0.0077810089,-0.0065502418
2025-02-05,0.0039010377,-0.0008000000,-0.0007000000,-0.0001000000,-0.0010402862,-0.0228494328
2025-02-06,0.0036377000,0.0002333333,-0.0003000000,-0.0001000000,0.0017690912,-0.0059005510
2025-02-07,-0.0095099135,0.0005333333,-0.0004000000,0.0001000000,0.0017729748,0.0049195405
2025-02-10,0.0066901608,0.0001000000,0.0003000000,0.0000000000,0.0016260331,0.0195771612
2025-02-11,0.0003395155,0.0002666667,0.0003000000,0.0001000000,-0.0016026742,0.0128417065
2025-02-12,-0.0027276187,0.0007666667,0.0001000000,-0.0001000000,-0.0008054183,-0.0268260120
2025-02-13,0.0103723775,-0.0008666667,-0.0006000000,-0.0001000000,-0.0034009616,-0.0008369369
2025-02-14,-0.0000719560,-0.0004333333,0.0002000000,0.0002000000,-0.0058343451,-0.0085488573
2025-02-18,0.0024419717,0.0006333333,0.0005000000,-0.0002000000,0.0011122479,0.0161946859
2025-02-19,0.0023741775,-0.0001333333,0.0000000000,0.0002000000,0.0034593088,0.0051108613
2025-02-20,-0.0043436240,-0.0001666667,-0.0002000000,0.0001000000,-0.0048586625,0.0041248512
2025-02-21,-0.0172113740,-0.0008000000,0.0002000000,0.0002000000,0.0002218259,-0.0300858346
2025-02-24,-0.0049815131,-0.0003000000,0.0005000000,-0.0001000000,0.0004034083,0.0047961723
2025-02-25,-0.0046907151,-0.0009000000,-0.0005000000,0.0002000000,0.0014385196,-0.0272465325
2025-02-26,0.0001360052,-0.0003666667,-0.0002000000,0.0001000000,-0.0007303931,-0.0040573886
2025-02-27,-0.0159917029,0.0003666667,0.0003000000,0.0001000000,0.0053923186,0.0250927209
2025-02-28,0.0157297504,-0.0006000000,0.0003000000,0.0005000000,0.0024202854,-0.0092468117
2025-03-03,-0.0177534394,-0.0005666667,-0.0003000000,0.0004000000,-0.0041440435,-0.0193368218
2025-03-04,-0.0123102346,0.0004666667,0.0008000000,0.0000000000,0.0019284720,-0.0023340638
2025-03-05,0.0110974757,0.0004333333,0.0001000000,-0.0004000000,-0.0117297728,-0.0279914610
2025-03-06,-0.0179797006,-0.0000333333,0.0004000000,0.0002000000,-0.0031201792,0.0006006006
2025-03-07,0.0055054046,0.0003333333,0.0001000000,0.0002000000,-0.0010194720,0.0100068044
2025-03-10,-0.0273435184,-0.0009333333,0.0002000000,0.0003000000,0.0022723552,-0.0146709218
2025-03-11,-0.0075966049,0.0005333333,0.0000000000,0.0004000000,-0.0017620926,0.0031619389
2025-03-12,0.0048749713,0.0005000000,-0.0003000000,-0.0003000000,-0.0014235126,0.0168447003
2025-03-13,-0.0139884052,-0.0005333333,0.0003000000,0.0005000000,0.0010854829,-0.0123449177
2025-03-14,0.0210429199,0.0005000000,-0.0005000000,-0.0005000000,-0.0024545369,0.0090875858
2025-03-17,0.0063956039,0.0000666667,-0.0006000000,-0.0002000000,-0.0025921795,0.0060619687
2025-03-18,-0.0107106743,-0.0002000000,0.0000000000,-0.0000000000,0.0009503431,-0.0051725527
2025-03-19,0.0107406291,-0.0003666667,0.0003000000,0.0001000000,0.0024879773,-0.0013344208
2025-03-20,-0.0021873008,-0.0002000000,0.0003000000,0.0000000000,0.0014647385,0.0169183881
2025-03-21,0.0008243274,0.0001333333,0.0005000000,0.0004000000,0.0022429880,-0.0004377326
2025-03-24,0.0174921579,0.0008666667,-0.0003000000,-0.0004000000,-0.0005727561,0.0136253739
2025-03-25,0.0015730819,-0.0004000000,0.0007000000,0.0002000000,-0.0011266642,0.0002878941
2025-03-26,-0.0112196915,0.0003333333,0.0002000000,0.0000000000,0.0014499196,0.0081703314
2025-03-27,-0.0033124371,0.0002000000,0.0005000000,0.0002000000,0.0009992123,0.0035625260
2025-03-28,-0.0199345803,-0.0009333333,-0.0001000000,0.0005000000,0.0004438620,-0.0079977576
2025-03-31,0.0055232125,-0.0003000000,-0.0005000000,0.0003000000,0.0022818667,0.0300848902
2025-04-01,0.0037741532,-0.0005000000,-0.0005000000,-0.0003000000,-0.0021624295,-0.0036242025
2025-04-02,0.0067055923,0.0003000000,-0.0002000000,-0.0000000000,-0.0004169058,0.0070966693
2025-04-03,-0.0496058776,-0.0013000000,0.0015000000,0.0016000000,-0.0131377165,-0.0672413756
2025-04-04,-0.0616090737,-0.0005333333,-0.0005000000,0.0005000000,0.0086316540,-0.0772042859
2025-04-07,-0.0023341792,0.0012000000,0.0012000000,0.0008000000,0.0080375320,-0.0221925363
2025-04-08,-0.0158250872,0.0007333333,0.0015000000,-0.0002000000,0.0003043024,-0.0166821938
2025-04-09,0.0908949016,0.0009666667,-0.0019000000,0.0002000000,-0.0018840629,0.0422333898
2025-04-10,-0.0352205878,0.0004333333,0.0021000000,-0.0005000000,-0.0122281703,-0.0334446755
2025-04-11,0.0179303693,0.0006333333,-0.0013000000,-0.0007000000,-0.0086124754,0.0218819965
2025-04-14,0.0079132541,-0.0009000000,0.0007000000,0.0000000000,-0.0028787618,0.0012913642
2025-04-15,-0.0017292138,-0.0001333333,-0.0001000000,0.0000000000,0.0009392336,-0.0040410626
2025-04-16,-0.0226633127,-0.0006000000,0.0002000000,0.0002000000,-0.0040769396,0.0182961290
2025-04-17,0.0013259587,0.0005000000,0.0002000000,0.0000000000,-0.0011574573,0.0342354654
2025-04-21,-0.0238496492,0.0004333333,0.0017000000,0.0004000000,-0.0066434869,-0.0247387178
2025-04-22,0.0248070343,-0.0001000000,-0.0004000000,-0.0003000000,0.0008417371,0.0174895151
2025-04-23,0.0165238455,-0.0000333333,-0.0010000000,-0.0007000000,0.0049518787,-0.0308103591
2025-04-24,0.0200565991,-0.0006000000,-0.0002000000,0.0000000000,-0.0008139856,0.0144229460
2025-04-25,0.0073460954,-0.0003000000,0.0000000000,-0.0002000000,-0.0003197580,0.0047095848
2025-04-28,0.0006404945,-0.0006000000,0.0002000000,0.0003000000,-0.0013696881,-0.0086512533
2025-04-29,0.0057856275,-0.0003666667,-0.0003000000,0.0001000000,-0.0010044353,-0.0233349249
2025-04-30,0.0014789008,-0.0001666667,0.0007000000,0.0008000000,-0.0000187612,-0.0377341085
2025-05-01,0.0062793318,0.0008666667,-0.0002000000,-0.0001000000,0.0044633957,0.0173135672
2025-05-02,0.0146192292,0.0008666667,-0.0008000000,-0.0005000000,-0.0052459708,-0.0153004814
2025-05-05,-0.0064020400,0.0002333333,0.0004000000,0.0001000000,-0.0019194515,-0.0198026273
2025-05-06,-0.0077230339,-0.0004333333,0.0003000000,0.0004000000,-0.0017977680,0.0322934217
2025-05-07,0.0043370041,-0.0002666667,-0.0004000000,0.0000000000,0.0006168120,-0.0166893059
2025-05-08,0.0057829933,0.0009666667,-0.0006000000,-0.0006000000,0.0052255607,0.0303329794
2025-05-09,-0.0007117721,-0.0000666667,0.0002000000,0.0000000000,-0.0019382261,0.0181205411
2025-05-12,0.0320400143,0.0008000000,-0.0004000000,-0.0007000000,0.0078632825,0.0151168445
2025-05-13,0.0072220822,0.0004333333,0.0001000000,0.0000000000,-0.0042849452,0.0268012302
2025-05-14,0.0010238448,0.0003333333,-0.0000000000,-0.0002000000,-0.0023099522,-0.0086473670
2025-05-15,0.0041238010,-0.0007666667,0.0003000000,0.0003000000,0.0011633782,-0.0227442947
2025-05-16,0.0069808987,-0.0000666667,-0.0004000000,-0.0001000000,0.0020846634,0.0127691496
2025-05-19,0.0008756935,0.0001666667,0.0004000000,0.0002000000,-0.0053370436,0.0021905814
2025-05-20,-0.0038877541,0.0002000000,0.0004000000,-0.0002000000,-0.0008065752,-0.0001563111
2025-05-21,-0.0162667025,0.0008333333,0.0009000000,0.0003000000,-0.0046732676,-0.0163912259
2025-05-22,-0.0004449533,-0.0002333333,-0.0003000000,0.0002000000,0.0024061457,-0.0060567606
2025-05-23,-0.0067309094,-0.0001333333,-0.0001000000,0.0001000000,-0.0054160195,0.0054209316
2025-05-27,0.0202525439,-0.0008666667,-0.0002000000,-0.0004000000,0.0018617780,-0.0205629735
2025-05-28,-0.0055867628,0.0003666667,-0.0001000000,-0.0001000000,0.0031108565,0.0149821570
2025-05-29,0.0040031509,-0.0004333333,-0.0001000000,-0.0002000000,-0.0035072844,-0.0141709296
2025-05-30,-0.0000811918,-0.0001666667,0.0003000000,0.0003000000,0.0016907147,-0.0032488658
2025-06-02,0.0040936515,0.0005666667,0.0002000000,0.0000000000,-0.0047687836,0.0290247265
2025-06-03,0.0057835040,0.0000333333,-0.0003000000,-0.0003000000,0.0022345199,0.0130330808
2025-06-04,0.0000736946,-0.0009000000,-0.0000000000,-0.0001000000,-0.0033425030,-0.0083027030
2025-06-05,-0.0052913153,0.0002333333,-0.0006000000,-0.0003000000,-0.0007792954,0.0076784832
2025-06-06,0.0102281861,0.0010666667,-0.0003000000,-0.0004000000,0.0016636341,0.0191718921
2025-06-09,0.0009195219,-0.0002333333,0.0001000000,-0.0001000000,-0.0020712913,0.0105111791
2025-06-10,0.0054679833,-0.0001333333,-0.0002000000,-0.0001000000,0.0011423434,-0.0050133033
2025-06-11,-0.0027476895,-0.0005000000,0.0005000000,0.0003000000,-0.0038198076,0.0483113933
2025-06-12,0.0038152108,-0.0005333333,-0.0003000000,-0.0001000000,-0.0034449378,-0.0026155202
2025-06-13,-0.0113607433,0.0005666667,0.0000000000,0.0002000000,0.0012657135,0.0717148051
2025-06-16,0.0093488818,0.0004000000,0.0005000000,-0.0001000000,-0.0013972000,-0.0179003208
2025-06-17,-0.0083873183,-0.0006000000,-0.0005000000,0.0000000000,0.0028945264,0.0417205291
2025-06-18,-0.0003092717,-0.0000333333,0.0000000000,0.0003000000,0.0018712026,0.0035641250
2025-06-20,-0.0021809894,-0.0001000000,0.0005000000,-0.0001000000,0.0025668900,-0.0022425971
2025-06-23,0.0095606419,-0.0004000000,0.0004000000,0.0001000000,0.0010618877,-0.0877319939
2025-06-24,0.0110602868,-0.0005666667,0.0005000000,0.0001000000,-0.0066649276,-0.0580238401
2025-06-25,-0.0000032829,-0.0000666667,0.0001000000,0.0001000000,-0.0002567532,0.0080651734
2025-06-26,0.0079881535,-0.0003000000,0.0002000000,0.0001000000,-0.0057380250,0.0069476189
2025-06-27,0.0052054309,0.0003333333,0.0001000000,-0.0001000000,0.0001161702,0.0033057881
2025-06-30,0.0051510776,-0.0004333333,-0.0006000000,-0.0004000000,-0.0020931308,-0.0054151757
2025-07-01,-0.0011190878,0.0002666667,-0.0006000000,-0.0003000000,-0.0005461725,0.0051151007
2025-07-02,0.0047338490,0.0002666667,0.0004000000,-0.0002000000,-0.0003343847,0.0298617902
2025-07-03,0.0083043501,0.0006333333,-0.0006000000,-0.0003000000,-0.0005491698,-0.0077491432
2025-07-07,-0.0078933494,0.0004333333,0.0004000000,0.0004000000,0.0031977145,0.0150050160
2025-07-08,-0.0007161495,0.0001333333,0.0002000000,0.0000000000,0.0018124329,0.0056232576
2025-07-09,0.0060438433,-0.0006333333,-0.0003000000,0.0002000000,-0.0008849255,0.0008623168
2025-07-10,0.0027424099,0.0000000000,-0.0001000000,-0.0003000000,0.0008615602,-0.0266410690
2025-07-11,-0.0033029780,0.0007333333,0.0006000000,0.0002000000,0.0007265730,0.0269283428
2025-07-14,0.0014064150,0.0000333333,0.0001000000,0.0001000000,0.0024943557,-0.0208975824
2025-07-15,-0.0039640982,0.0005333333,-0.0001000000,-0.0003000000,0.0024060022,-0.0063258762
2025-07-16,0.0031884998,-0.0003666667,0.0007000000,0.0003000000,-0.0007720149,-0.0093410124
2025-07-17,0.0053594331,0.0001333333,-0.0003000000,-0.0002000000,0.0018327704,0.0239911426
2025-07-18,-0.0000905182,-0.0002333333,0.0002000000,0.0002000000,-0.0023436240,-0.0033505749
2025-07-21,0.0013981477,-0.0005000000,-0.0003000000,0.0000000000,-0.0029947753,-0.0020449905
2025-07-22,0.0006373254,-0.0003000000,-0.0002000000,0.0000000000,-0.0026293724,-0.0122105232
2025-07-23,0.0077815261,0.0005000000,0.0000000000,-0.0002000000,-0.0009304049,-0.0226040610
2025-07-24,0.0006979892,0.0002333333,-0.0002000000,-0.0003000000,-0.0000275993,0.0166658012
2025-07-25,0.0039664449,-0.0002333333,-0.0004000000,0.0001000000,0.0035007034,-0.0116820259
2025-07-28,0.0001768608,0.0002000000,0.0004000000,0.0000000000,0.0052302566,0.0213138704
2025-07-29,-0.0029638057,-0.0007666667,-0.0005000000,0.0001000000,0.0029182622,0.0356352885
2025-07-30,-0.0012502201,0.0005000000,-0.0005000000,-0.0001000000,0.0036043866,0.0116017147
2025-07-31,-0.0037016990,-0.0000333333,0.0000000000,-0.0002000000,0.0026060662,-0.0103217601
2025-08-01,-0.0161213280,-0.0015666667,0.0017000000,0.0008000000,-0.0041888119,-0.0283983048
2025-08-04,0.0146295362,-0.0000666667,-0.0001000000,-0.0001000000,-0.0018687188,-0.0156207126
2025-08-05,-0.0048697037,0.0000333333,-0.0005000000,-0.0002000000,-0.0006424299,-0.0169254396
2025-08-06,0.0072555037,-0.0000000000,0.0006000000,0.0003000000,-0.0033137796,-0.0124640616
2025-08-07,-0.0007977889,0.0001333333,-0.0003000000,-0.0001000000,-0.0000323635,-0.0073687776
2025-08-08,0.0077694242,0.0004000000,0.0000000000,0.0000000000,-0.0014233684,0.0006161430
2025-08-11,-0.0025072685,-0.0000333333,-0.0001000000,-0.0002000000,0.0029565775,0.0013849352
2025-08-12,0.0112816261,0.0000666667,0.0008000000,0.0001000000,-0.0034494985,-0.0125340132
2025-08-13,0.0032248249,-0.0005000000,0.0000000000,-0.0002000000,-0.0011946578,-0.0084441471
2025-08-14,0.0003030509,0.0005666667,-0.0002000000,0.0000000000,0.0042745438,0.0203628704
2025-08-15,-0.0029013036,0.0003000000,0.0003000000,-0.0002000000,-0.0025470764,-0.0187937503
2025-08-18,-0.0001007834,0.0001666667,0.0000000000,0.0001000000,0.0018638452,0.0113805890
2025-08-19,-0.0058753625,-0.0003333333,-0.0002000000,0.0001000000,0.0013278927,-0.0176718963
2025-08-20,-0.0024345788,-0.0001000000,-0.0000000000,0.0002000000,0.0004414113,0.0126990811
2025-08-21,-0.0040122411,0.0004000000,-0.0002000000,-0.0001000000,0.0025518909,0.0057475886
2025-08-22,0.0150722487,-0.0007333333,0.0007000000,0.0001000000,-0.0066862556,-0.0074627212
2025-08-25,-0.0042754611,0.0002666667,-0.0004000000,-0.0003000000,0.0011965163,0.0170203706
2025-08-26,0.0041254555,-0.0004333333,0.0013000000,0.0005000000,0.0008798550,-0.0245392031
2025-08-27,0.0023881365,-0.0001000000,0.0003000000,0.0002000000,0.0016579985,0.0138967027
2025-08-28,0.0031517534,-0.0000666667,-0.0006000000,-0.0002000000,-0.0038832035,0.0072615228
2025-08-29,-0.0064187252,0.0000666667,0.0007000000,0.0005000000,-0.0004266685,-0.0092793737
2025-09-02,-0.0069463924,0.0005666667,-0.0002000000,0.0001000000,0.0039478340,0.0244045570
2025-09-03,0.0050871547,-0.0006000000,-0.0002000000,-0.0003000000,-0.0014801679,-0.0244045570
2025-09-04,0.0083117987,-0.0003666667,-0.0002000000,0.0002000000,0.0021362136,-0.0085824042
2025-09-05,-0.0031701607,-0.0007666667,0.0000000000,-0.0002000000,-0.0052696133,-0.0252334264
2025-09-08,0.0021037795,-0.0005333333,-0.0007000000,-0.0002000000,-0.0002589236,0.0060887866
2025-09-09,0.0026845530,0.0003666667,-0.0002000000,-0.0001000000,0.0004978065,0.0058931444
2025-09-10,0.0029790013,-0.0002333333,-0.0003000000,0.0000000000,-0.0002879983,0.0163808987
2025-09-11,0.0084500610,-0.0003000000,-0.0002000000,-0.0001000000,-0.0014070564,-0.0205183966
2025-09-12,-0.0004828512,0.0004000000,-0.0001000000,-0.0004000000,0.0008974458,0.0049312118
2025-09-15,0.0046956161,-0.0001666667,0.0000000000,-0.0002000000,-0.0041456415,0.0101042855
2025-09-16,-0.0012887574,-0.0001666667,0.0002000000,0.0001000000,-0.0035995132,0.0191371068
2025-09-17,-0.0009706893,0.0001333333,-0.0000000000,0.0001000000,0.0001963969,-0.0074246281
2025-09-18,0.0047777085,0.0005333333,0.0001000000,-0.0002000000,0.0042157371,-0.0077930569
2025-09-19,0.0048735386,0.0002000000,0.0003000000,0.0000000000,0.0010373887,-0.0140237073
2025-09-22,0.0044003302,0.0002333333,-0.0002000000,-0.0001000000,0.0002454080,-0.0004761527
2025-09-23,-0.0055173401,-0.0005000000,0.0004000000,0.0002000000,-0.0016288322,0.0121500508
2025-09-24,-0.0028507213,0.0003666667,-0.0001000000,-0.0001000000,0.0045915084,0.0253962240
2025-09-25,-0.0050216489,0.0002666667,-0.0008000000,-0.0001000000,0.0030841783,0.0016805443
2025-09-26,0.0058844923,0.0001000000,0.0003000000,-0.0002000000,-0.0008880524,0.0149991449
2025-09-29,0.0026321125,-0.0003666667,-0.0006000000,-0.0001000000,-0.0026597408,-0.0341089883
2025-09-30,0.0040825036,0.0000000000,0.0005000000,0.0003000000,0.0001814763,-0.0172634545
2025-10-01,0.0033941192,-0.0003333333,0.0004000000,0.0002000000,0.0001115333,-0.0092239840
2025-10-02,0.0006181782,-0.0001666667,-0.0003000000,-0.0001000000,0.0023227231,-0.0211519955
2025-10-03,0.0000655194,0.0002666667,-0.0001000000,-0.0002000000,-0.0028397098,0.0060197042
2025-10-06,0.0036399970,0.0004000000,0.0003000000,-0.0001000000,0.0015318673,0.0135333143
2025-10-07,-0.0038186963,-0.0003333333,0.0000000000,0.0002000000,0.0017959754,0.0004799616
2025-10-08,0.0058106934,-0.0000333333,-0.0002000000,0.0001000000,0.0023890754,0.0135040578
2025-10-09,-0.0027593219,0.0001000000,-0.0002000000,0.0001000000,0.0025931643,-0.0160665191
2025-10-10,-0.0274859600,-0.0008666667,-0.0001000000,0.0003000000,0.0002155186,-0.0427548534
2025-10-14,0.0139126670,-0.0002333333,0.0003000000,-0.0001000000,0.0005439572,-0.0038568003
2025-10-15,0.0040179185,0.0002000000,-0.0000000000,-0.0003000000,-0.0026275969,-0.0074199329
2025-10-16,-0.0063142450,-0.0007000000,0.0003000000,0.0003000000,-0.0016097116,-0.0134619056
2025-10-17,0.0052568826,0.0003333333,-0.0003000000,-0.0001000000,0.0002734362,0.0001715413
2025-10-20,0.0106157064,-0.0001333333,-0.0002000000,-0.0002000000,-0.0006787564,0.0006858711
2025-10-21,0.0000326640,-0.0002000000,-0.0002000000,-0.0001000000,0.0022243358,0.0054700991
2025-10-22,-0.0053518057,-0.0000666667,-0.0001000000,0.0002000000,0.0000521123,0.0108512425
2025-10-23,0.0058104740,0.0003666667,0.0001000000,-0.0003000000,0.0004738496,0.0515967896
2025-10-24,0.0078713619,0.0000666667,0.0001000000,-0.0001000000,-0.0001537904,-0.0027263268
2025-10-27,0.0122151100,-0.0001000000,-0.0002000000,-0.0002000000,-0.0011227250,-0.0022508048
2025-10-28,0.0022853334,-0.0001666667,-0.0001000000,0.0002000000,-0.0013477755,-0.0188470242
2025-10-29,-0.0000435367,0.0009000000,-0.0006000000,-0.0004000000,-0.0008699356,0.0047451615
2025-10-30,-0.0099541912,0.0003000000,0.0002000000,0.0003000000,0.0062196662,0.0016310557
2025-10-31,0.0026144495,0.0000333333,0.0003000000,0.0005000000,0.0008464201,0.0063358184
2025-11-03,0.0017192312,0.0001333333,0.0002000000,0.0002000000,0.0005378091,0.0006475636
2025-11-04,-0.0118061902,-0.0002333333,-0.0000000000,0.0001000000,0.0030902904,-0.0066574899
2025-11-05,0.0036468631,0.0006333333,0.0002000000,-0.0002000000,0.0001731813,-0.0160949443
2025-11-06,-0.0112411026,-0.0005666667,0.0001000000,0.0002000000,-0.0012597366,-0.0026525214
2025-11-07,0.0012610492,-0.0000333333,0.0003000000,0.0003000000,-0.0025242441,0.0049677201
2025-11-10,0.0152835719,0.0002000000,-0.0002000000,-0.0002000000,-0.0007384015,0.0065854700
2025-11-12,0.0027025562,-0.0003666667,-0.0002000000,0.0002000000,-0.0020846391,-0.0272804676
2025-11-13,-0.0166954978,0.0002666667,0.0001000000,0.0002000000,-0.0022603758,0.0040390496
2025-11-14,-0.0005017964,0.0003666667,0.0000000000,0.0000000000,0.0016058639,0.0220920869
2025-11-17,-0.0092045416,-0.0001333333,0.0001000000,0.0000000000,0.0012227304,-0.0034559402
2025-11-18,-0.0082906599,-0.0000666667,0.0003000000,0.0002000000,0.0008096488,0.0139152610
2025-11-19,0.0037467576,0.0000666667,0.0001000000,0.0000000000,0.0023493020,-0.0203652957
2025-11-20,-0.0156896667,-0.0002666667,0.0001000000,0.0001000000,0.0015716323,-0.0033239186
2025-11-21,0.0097750317,-0.0003333333,0.0002000000,0.0002000000,0.0014485485,-0.0203488061
2025-11-24,0.0153488369,-0.0003333333,0.0002000000,-0.0002000000,0.0004249692,0.0042383720
2025-11-25,0.0090209208,-0.0002333333,0.0002000000,-0.0001000000,-0.0023288806,-0.0146560224
2025-11-26,0.0068829722,-0.0000666667,-0.0005000000,-0.0001000000,-0.0032098553,0.0095678160
2025-11-28,0.0053404901,0.0002333333,0.0001000000,0.0000000000,-0.0015765817,-0.0039185671
2025-12-01,-0.0053375544,0.0007000000,0.0000000000,0.0000000000,-0.0005494985,0.0150786423
2025-12-02,0.0024541868,-0.0001000000,0.0003000000,-0.0002000000,0.0013257184,-0.0111600752
2025-12-03,0.0029753463,-0.0002000000,0.0001000000,0.0001000000,-0.0034157424,0.0047497969
2025-12-04,0.0010797530,0.0003666667,-0.0000000000,-0.0001000000,-0.0004722253,0.0122783478
2025-12-05,0.0019348002,0.0003333333,-0.0001000000,-0.0002000000,0.0000803769,0.0068305139
2025-12-08,-0.0034832953,0.0002000000,0.0001000000,-0.0001000000,0.0007429732,-0.0199553868
2025-12-09,-0.0008767431,0.0001333333,-0.0005000000,0.0000000000,-0.0007686599,-0.0108992905
2025-12-10,0.0067268209,-0.0004666667,0.0005000000,0.0003000000,-0.0000662915,0.0046126331
2025-12-11,0.0020772175,-0.0000000000,0.0003000000,-0.0003000000,-0.0057775767,-0.0156320284
2025-12-12,-0.0107209363,0.0003666667,0.0006000000,0.0003000000,0.0013676258,-0.0026003308
2025-12-15,-0.0015977816,-0.0001000000,0.0000000000,0.0001000000,-0.0015668455,-0.0111713503
2025-12-16,-0.0023867639,-0.0002666667,0.0001000000,0.0001000000,-0.0005495186,-0.0272234586
2025-12-17,-0.0116599172,0.0001000000,-0.0000000000,0.0000000000,0.0022062521,0.0112995553
2025-12-18,0.0079030123,-0.0003333333,0.0000000000,0.0000000000,-0.0008509300,0.0026716553
2025-12-19,0.0087793728,0.0002666667,0.0000000000,-0.0002000000,0.0009358167,0.0102637602
2025-12-22,0.0064158365,-0.0000333333,0.0006000000,0.0000000000,-0.0014490560,0.0240053273
2025-12-23,0.0045400955,0.0001333333,-0.0005000000,-0.0002000000,-0.0023821763,0.0063394370
2025-12-24,0.0032163382,-0.0002666667,-0.0003000000,-0.0001000000,-0.0022455203,0.0028992943
2025-12-26,-0.0003044296,-0.0000000000,0.0003000000,0.0002000000,0.0002938351,-0.0367713991
2025-12-29,-0.0034982053,-0.0001333333,0.0000000000,0.0001000000,0.0009838445,0.0225356729
2025-12-30,-0.0013766143,0.0001000000,0.0001000000,-0.0001000000,-0.0008030657,-0.0017289078
2025-12-31,-0.0073848334,0.0003000000,0.0001000000,-0.0003000000,0.0021041684,-0.0092134507
2026-01-02,0.0018928827,0.0001000000,0.0002000000,0.0002000000,-0.0011673210,-0.0008735914
2026-01-05,0.0063340841,-0.0001333333,-0.0000000000,0.0001000000,0.0001111923,0.0154369556
2026-01-06,0.0061775890,0.0001000000,0.0000000000,-0.0001000000,0.0013492071,-0.0196408504
2026-01-07,-0.0034459043,-0.0002333333,-0.0004000000,-0.0001000000,0.0007611017,-0.0169945673
2026-01-08,0.0000765764,0.0003000000,0.0001000000,0.0000000000,0.0018211199,0.0304199280
2026-01-09,0.0064546363,0.0000333333,-0.0008000000,-0.0003000000,0.0010910822,0.0209090736
2026-01-12,0.0015763564,0.0000666667,0.0001000000,-0.0000000000,-0.0018791325,0.0072666141
2026-01-13,-0.0019410364,-0.0000666667,0.0001000000,-0.0001000000,0.0012018196,0.0242859574
2026-01-14,-0.0053476140,-0.0003000000,-0.0002000000,-0.0001000000,-0.0015527268,0.0161385848
2026-01-15,0.0025765871,0.0002333333,-0.0005000000,-0.0003000000,0.0003450736,-0.0448119944
2026-01-16,-0.0006424440,0.0004666667,0.0001000000,-0.0002000000,0.0007389238,0.0045558165
2026-01-20,-0.0208424746,0.0005000000,0.0007000000,0.0002000000,-0.0053296320,0.0150378774
2026-01-21,0.0115210805,-0.0002666667,-0.0004000000,-0.0003000000,-0.0008576624,0.0013258205
2026-01-22,0.0054725036,-0.0000666667,-0.0004000000,-0.0003000000,-0.0012316630,-0.0190609349
2026-01-23,0.0003268503,-0.0001666667,-0.0001000000,0.0002000000,-0.0025082565,0.0243467087
2026-01-26,0.0049935773,-0.0002666667,0.0002000000,0.0000000000,-0.0071331777,-0.0039617087
2026-01-27,0.0040735710,0.0000666667,0.0006000000,-0.0000000000,-0.0050971471,0.0257973490
2026-01-28,-0.0000816816,0.0002333333,-0.0001000000,0.0001000000,0.0005056094,0.0113792397
2026-01-29,-0.0012934646,-0.0001666667,0.0003000000,0.0001000000,-0.0006137442,0.0316839552
2026-01-30,-0.0043111821,0.0001000000,0.0003000000,-0.0001000000,0.0039092560,-0.0041773094
2026-02-02,0.0053767627,0.0003666667,-0.0002000000,-0.0001000000,0.0039050166,-0.0460033533
2026-02-03,-0.0084395125,-0.0000333333,0.0000000000,0.0002000000,-0.0032538270,0.0164228454
2026-02-04,-0.0050853229,0.0000666667,0.0001000000,0.0001000000,0.0024026771,0.0305103081
2026-02-05,-0.0123266323,-0.0008000000,0.0004000000,0.0003000000,0.0020543706,-0.0260488603
2026-02-06,0.0195043581,0.0001333333,-0.0003000000,-0.0002000000,-0.0022192748,0.0137366966
2026-02-09,0.0046801149,-0.0000666667,0.0002000000,-0.0001000000,-0.0051000641,0.0118473716
2026-02-10,-0.0033092160,-0.0005333333,-0.0004000000,0.0002000000,-0.0010001668,-0.0051270213
2026-02-11,-0.0000489798,0.0004333333,-0.0003000000,0.0001000000,-0.0005234450,0.0093023927
2026-02-12,-0.0157848761,-0.0008000000,-0.0005000000,0.0001000000,0.0006595809,-0.0269018413
2026-02-13,0.0004989418,-0.0005000000,0.0004000000,0.0004000000,-0.0001003984,-0.0004756997
2026-02-17,0.0010307478,0.0001000000,-0.0004000000,-0.0002000000,0.0017996862,-0.0082816208
2026-02-18,0.0055506597,0.0003666667,-0.0001000000,-0.0003000000,0.0008922656,0.0438049073
2026-02-19,-0.0028261268,-0.0000666667,-0.0001000000,0.0001000000,0.0033277168,0.0201537240
2026-02-20,0.0069158095,0.0001000000,0.0001000000,0.0001000000,-0.0020632695,0.0004499438
2026-02-23,-0.0104399934,-0.0004000000,0.0003000000,0.0004000000,-0.0004425019,-0.0049605513
2026-02-24,0.0076225145,0.0000333333,0.0000000000,0.0000000000,0.0000576550,-0.0112139378
2026-02-25,0.0081034253,0.0001000000,-0.0002000000,0.0000000000,-0.0015043574,-0.0048884913
2026-02-26,-0.0053800241,-0.0003000000,0.0000000000,0.0002000000,0.0011473516,-0.0030674871
2026-02-27,-0.0043487979,-0.0004000000,0.0001000000,0.0005000000,-0.0006948731,0.0281708770
2026-03-02,0.0003982413,0.0007666667,-0.0003000000,-0.0002000000,0.0071436940,0.0604137626
2026-03-03,-0.0094888745,0.0001666667,-0.0004000000,0.0000000000,0.0064435037,0.0460214442
2026-03-04,0.0077261085,0.0002666667,-0.0001000000,-0.0004000000,-0.0030490002,0.0013417418
2026-03-05,-0.0056627021,0.0003000000,-0.0001000000,0.0002000000,0.0041720016,0.0810942000
2026-03-06,-0.0133657290,0.0001333333,0.0004000000,-0.0001000000,-0.0006467015,0.1153622598
2026-03-09,0.0082698401,-0.0002666667,-0.0005000000,0.0003000000,0.0002016685,0.0418570431
2026-03-10,-0.0021373651,0.0003333333,0.0005000000,-0.0001000000,-0.0066286174,-0.1228274330
2026-03-11,-0.0008379262,0.0007000000,0.0001000000,0.0007000000,0.0047308230,0.0362481770
2026-03-12,-0.0153448546,0.0006666667,-0.0010000000,0.0000000000,0.0044682214,0.0966707954
2026-03-13,-0.0060775200,0.0000000000,0.0005000000,-0.0001000000,0.0060663859,0.0295760648
2026-03-16,0.0100799184,-0.0004666667,0.0001000000,0.0002000000,-0.0037797865,-0.0530692088
2026-03-17,0.0024911552,-0.0001333333,-0.0001000000,0.0000000000,-0.0022023117,0.0276680796
2026-03-18,-0.0137010521,0.0005666667,-0.0005000000,-0.0004000000,0.0007907895,0.0011450582
2026-03-19,-0.0027525886,-0.0001000000,-0.0008000000,-0.0000000000,0.0021040557,-0.0001040420
2026-03-20,-0.0152538958,0.0012000000,0.0004000000,-0.0002000000,0.0007943245,0.0266928896
2026-03-23,0.0113881061,-0.0005000000,0.0000000000,0.0000000000,-0.0028191689,-0.0998488807
2026-03-24,-0.0037496133,0.0005000000,-0.0004000000,-0.0004000000,0.0016028889,0.0421957287
2026-03-25,0.0054045264,-0.0005666667,0.0001000000,0.0001000000,-0.0000108217,-0.0180848505
2026-03-26,-0.0175594799,0.0008333333,-0.0008000000,-0.0003000000,0.0021686607,0.0497731799
2026-03-27,-0.0168632232,-0.0000333333,0.0013000000,0.0005000000,0.0041123411,0.0514700307
2026-03-30,-0.0039535724,-0.0007333333,-0.0001000000,0.0001000000,0.0033034648,0.0333121358
2026-03-31,0.0287149242,-0.0003666667,-0.0000000000,0.0000000000,-0.0020642125,-0.0176347620
2026-04-01,0.0071429747,0.0002666667,0.0001000000,-0.0004000000,-0.0075901819,-0.0093769001
2026-04-02,0.0011202303,-0.0002333333,-0.0001000000,-0.0001000000,0.0031850708,0.1054292081
2026-04-06,0.0044169924,0.0003000000,-0.0004000000,-0.0004000000,-0.0006043169,0.0068650155
2026-04-07,0.0007589571,-0.0001000000,0.0004000000,0.0005000000,-0.0009154718,0.0049871051
2026-04-08,0.0247720445,-0.0002333333,0.0001000000,-0.0002000000,-0.0105306521,-0.1751558103
2026-04-09,0.0061510526,0.0000000000,0.0002000000,0.0000000000,-0.0013430865,0.0352454889
2026-04-10,-0.0011391669,0.0002000000,-0.0002000000,-0.0001000000,-0.0003751761,-0.0129320857
2026-04-13,0.0101218615,-0.0001666667,0.0002000000,-0.0000000000,0.0011469569,0.0239135278
2026-04-14,0.0117140398,-0.0003000000,-0.0001000000,-0.0002000000,-0.0053381277,-0.0789924915
2026-04-15,0.0079441003,0.0001666667,0.0002000000,-0.0001000000,0.0000354849,-0.0003223900
2026-04-16,0.0026066141,0.0003000000,0.0002000000,0.0002000000,-0.0000059141,0.0360989064
2026-04-17,0.0119685152,-0.0006000000,0.0002000000,0.0001000000,-0.0023862191,-0.1158281780
2026-04-20,-0.0023772069,0.0000333333,-0.0001000000,0.0000000000,0.0013363414,0.0582183933
2026-04-21,-0.0063684012,0.0003666667,-0.0005000000,-0.0002000000,0.0016537764,0.0279390127
2026-04-22,0.0104057365,0.0000666667,0.0000000000,-0.0001000000,0.0014116150,0.0118897367
2026-04-23,-0.0041414321,0.0003333333,-0.0002000000,-0.0001000000,0.0009700151,0.0464960313
2026-04-24,0.0079420433,-0.0003000000,0.0004000000,0.0002000000,0.0001170798,-0.0085993752
2026-04-27,0.0012316071,0.0002333333,0.0003000000,0.0000000000,-0.0015475704,0.0148255451
2026-04-28,-0.0049061387,0.0002333333,-0.0006000000,-0.0000000000,0.0019037793,0.0350188236
2026-04-29,-0.0003993065,0.0006000000,-0.0004000000,-0.0001000000,0.0027393223,0.0656555867
2026-04-30,0.0101862440,-0.0002000000,0.0004000000,0.0001000000,-0.0035875270,-0.0167043271
2026-05-01,0.0029240010,-0.0000666667,-0.0001000000,-0.0001000000,-0.0023487379,-0.0304667990
2026-05-04,-0.0040704463,0.0006000000,-0.0002000000,-0.0000000000,0.0036573840,0.0407232992
2026-05-05,0.0080871978,-0.0002666667,-0.0002000000,-0.0004000000,-0.0017325969,-0.0380697722
2026-05-06,0.0144829580,-0.0005666667,0.0002000000,0.0001000000,-0.0044145258,-0.0676349880
2026-05-07,-0.0038103109,0.0004333333,-0.0002000000,-0.0001000000,-0.0007335570,-0.0037538724
2026-05-08,0.0083903630,-0.0002333333,0.0000000000,0.0000000000,0.0002338480,0.0049683245
2026-05-11,0.0018782366,0.0004000000,-0.0002000000,0.0000000000,0.0001440096,0.0268439009
2026-05-12,-0.0016039102,0.0004666667,0.0000000000,0.0001000000,0.0039530020,0.0407117088
2026-05-13,0.0058322008,-0.0000666667,0.0002000000,0.0000000000,-0.0004227893,-0.0119830250
2026-05-14,0.0076264179,0.0000666667,-0.0003000000,-0.0004000000,0.0016521660,0.0013385603
2026-05-15,-0.0124403505,0.0010333333,0.0001000000,0.0000000000,0.0051514683,0.0405391340
2026-05-18,-0.0007359122,0.0000666667,0.0004000000,-0.0003000000,-0.0018888996,0.0294723917
2026-05-19,-0.0067007283,0.0005333333,-0.0002000000,-0.0002000000,0.0033005157,-0.0014264066
2026-05-20,0.0107341606,-0.0008666667,0.0002000000,0.0002000000,-0.0024189768,-0.0973731502
2026-05-21,0.0017138610,0.0001000000,-0.0005000000,0.0000000000,0.0017322671,-0.0147607812
2026-05-22,0.0037200454,0.0000333333,-0.0008000000,-0.0002000000,-0.0006888582,0.0014958866
2026-05-26,0.0060896938,-0.0007333333,0.0008000000,-0.0001000000,-0.0009829890,-0.0274792520
2026-05-27,0.0001648993,-0.0001666667,-0.0001000000,0.0001000000,0.0001115994,-0.0555991166
2026-05-28,0.0057372245,-0.0002333333,-0.0002000000,0.0000000000,-0.0012686037,0.0032432461
2026-05-29,0.0021698815,-0.0000000000,0.0002000000,0.0000000000,-0.0012904036,-0.0162127484
2026-06-01,0.0026218689,0.0003000000,-0.0007000000,-0.0003000000,0.0024113241,0.0513152336
2026-06-02,0.0012912780,-0.0001000000,-0.0002000000,0.0000000000,-0.0010864766,0.0156132004
2026-06-03,-0.0073994004,0.0002666667,-0.0001000000,0.0000000000,0.0029267614,0.0232226630
2026-06-04,0.0040467779,-0.0002333333,0.0001000000,0.0000000000,-0.0001951863,-0.0298104377
2026-06-05,-0.0268013543,0.0008000000,-0.0008000000,-0.0003000000,0.0060272997,-0.0262636074
2026-06-08,0.0029737396,0.0000333333,0.0004000000,0.0001000000,-0.0004089671,0.0071836354
2026-06-09,-0.0025797080,-0.0002333333,0.0000000000,0.0001000000,-0.0006025108,-0.0331758622
2026-06-10,-0.0163321413,0.0001333333,0.0002000000,0.0000000000,-0.0004027096,0.0191836899
2026-06-11,0.0173672576,-0.0008666667,0.0000000000,0.0002000000,0.0016997823,-0.0226718121
2026-06-12,0.0050129070,0.0003000000,-0.0002000000,-0.0002000000,-0.0050921405,-0.0328553415
2026-06-15,0.0163932737,-0.0001000000,0.0002000000,0.0000000000,-0.0016036978,-0.0458324572
2026-06-16,-0.0057004039,-0.0003333333,-0.0002000000,0.0002000000,-0.0005013166,-0.0590016041
2026-06-17,-0.0122226758,0.0007000000,-0.0015000000,-0.0005000000,0.0010987120,0.0105953001
2026-06-18,0.0107878167,-0.0002333333,-0.0002000000,0.0001000000,0.0084134936,-0.0037267124
2026-06-22,-0.0037119275,0.0005000000,0.0000000000,0.0000000000,0.0012492630,-0.0177040219
2026-06-23,-0.0144669179,-0.0003333333,0.0007000000,0.0000000000,0.0042127284,-0.0562795024
2026-06-24,-0.0009834499,-0.0007333333,-0.0003000000,0.0001000000,0.0029430806,-0.0438306256
2026-06-25,-0.0000992137,-0.0001000000,0.0002000000,0.0002000000,-0.0029372981,0.0173507025
2026-06-26,-0.0004717395,-0.0001000000,0.0003000000,0.0002000000,-0.0013995063,-0.0331568458
2026-06-29,0.0116815404,0.0000666667,-0.0004000000,-0.0001000000,0.0005449905,0.0220871327
2026-06-30,0.0078890407,0.0005000000,0.0001000000,-0.0002000000,-0.0002290418,-0.0183955198
2026-07-01,-0.0021531666,0.0004333333,0.0003000000,0.0001000000,0.0018234377,-0.0116893705
2026-07-02,0.0000013363,-0.0000333333,0.0004000000,0.0000000000,-0.0037653708,-0.0001434000
2026-07-06,0.0072154218,-0.0000333333,0.0002000000,0.0002000000,0.0011990469,-0.0018660739
2026-07-07,-0.0044650529,0.0006333333,-0.0000000000,-0.0001000000,-0.0001696672,0.0273523748
2026-07-08,-0.0028211963,0.0001333333,-0.0001000000,0.0001000000,0.0026138165,0.0414872283
2026-07-09,0.0081097983,-0.0002666667,0.0004000000,-0.0000000000,-0.0031229910,-0.0190920429
2026-07-10,0.0042000111,0.0002666667,-0.0004000000,0.0002000000,-0.0020592105,-0.0096154587
2026-07-13,-0.0079585702,0.0005000000,-0.0001000000,-0.0002000000,0.0019623138,0.0890796301
2026-07-14,0.0037519310,-0.0004666667,0.0006000000,0.0004000000,-0.0022262389,0.0155352661
2026-07-15,0.0038118621,-0.0002666667,0.0005000000,0.0000000000,-0.0013622305,0.0035986885
2026-07-16,-0.0051144776,0.0002000000,-0.0002000000,-0.0001000000,0.0001845081,-0.0087086890
2026-07-17,-0.0101498657,-0.0001000000,-0.0005000000,0.0000000000,0.0016648507,0.0416063925
2026-07-20,-0.0019341029,0.0004333333,0.0002000000,0.0002000000,0.0000713481,0.0113224498
2026-07-21,0.0088173236,0.0003333333,-0.0003000000,-0.0001000000,0.0003135394,0.0194818977
2026-07-22,-0.0013645912,0.0003666667,-0.0003000000,-0.0002000000,-0.0000356622,0.0186533906
2026-07-23,-0.0121633510,0.0004000000,-0.0004000000,0.0000000000,0.0027654356,0.0599936434
2026-07-24,0.0004966168,-0.0002333333,0.0003000000,0.0001000000,-0.0016306736,-0.0145008493
2026-07-27,0.0001618870,-0.0003333333,-0.0002000000,0.0002000000,0.0005250857,-0.0851699199
2026-07-28,0.0021021490,-0.0004000000,0.0002000000,0.0001000000,-0.0012361299,-0.0404511434
2026-07-29,-0.0152774127,0.0004333333,0.0015000000,-0.0002000000,0.0013628049,0.0619396706
2026-07-30,0.0164680164,0.0001000000,-0.0000000000,0.0004000000,-0.0092646355,-0.0108626893
2026-07-31,0.0069791639,0.0006000000,0.0001000000,-0.0001000000,0.0002347744,0.0117916257
2026-08-03,0.0146826209,-0.0004000000,-0.0001000000,-0.0002000000,-0.0000693405,-0.0499747095
2026-08-04,0.0177379395,-0.0005666667,-0.0000000000,0.0003000000,-0.0008140655,-0.0581493447
2026-08-05,-0.0016778712,-0.0001000000,0.0001000000,-0.0002000000,-0.0017540796,-0.0071377890
2026-08-06,-0.0017611034,0.0006000000,-0.0002000000,-0.0001000000,0.0010313966,0.0269835207
2026-08-07,0.0061651647,-0.0004333333,0.0003000000,0.0003000000,-0.0037422050,0.0112197836
2026-08-10,-0.0005841110,0.0006333333,0.0000000000,-0.0002000000,0.0004517524,0.0488080726
2026-08-11,-0.0032180767,-0.0002000000,0.0002000000,0.0002000000,0.0005060897,0.0119861401
2026-08-12,0.0026232998,-0.0001333333,0.0002000000,0.0002000000,-0.0005128057,0.0023565464
2026-08-13,0.0064949619,-0.0004333333,0.0002000000,0.0001000000,0.0005614708,-0.0262325761
2026-08-14,-0.0016978140,0.0003666667,0.0002000000,0.0002000000,-0.0023688771,0.0146320672
2026-08-17,-0.0052412034,0.0004000000,0.0004000000,0.0000000000,-0.0007471075,0.0241145603
2026-08-18,-0.0069055948,-0.0001333333,-0.0003000000,-0.0001000000,0.0014222211,0.0051008689
2026-08-19,0.0021065299,-0.0005000000,-0.0009000000,-0.0004000000,-0.0054804725,0.0092081682
2026-08-20,-0.0087067317,0.0002666667,0.0004000000,0.0000000000,-0.0006593752,0.0279066858
2026-08-21,0.0043367813,0.0004666667,-0.0001000000,-0.0001000000,-0.0016249322,-0.0287090241
2026-08-24,-0.0028067712,-0.0002666667,-0.0004000000,0.0000000000,0.0021719063,-0.0100260131
2026-08-25,0.0031858836,-0.0006333333,0.0001000000,-0.0001000000,-0.0007710915,-0.0286673767
2026-08-26,-0.0002058232,0.0001666667,-0.0001000000,-0.0001000000,0.0018405038,-0.0052581383
2026-08-27,0.0071774323,0.0001000000,0.0000000000,-0.0001000000,-0.0007415403,0.0160459852
2026-08-28,-0.0024904904,0.0007666667,-0.0011000000,-0.0006000000,0.0032862941,-0.0028338666
2026-08-31,-0.0033277296,0.0001666667,0.0003000000,0.0005000000,-0.0015169663,0.0286732930
2026-09-01,-0.0071382196,0.0003666667,-0.0003000000,-0.0001000000,0.0007495004,0.0498674824
2026-09-02,0.0045927443,0.0000000000,0.0000000000,0.0000000000,-0.0010725742,0.0072973150
2026-09-03,0.0105240843,-0.0003000000,0.0003000000,-0.0001000000,-0.0034024015,0.0043313549
2026-09-04,-0.0037643154,0.0001000000,-0.0004000000,-0.0001000000,-0.0004555458,0.0015115529
2026-09-08,-0.0058575594,0.0001666667,-0.0001000000,0.0001000000,-0.0013602510,0.0162657412
2026-09-09,-0.0048543911,0.0003333333,-0.0001000000,-0.0002000000,-0.0002485198,0.0318614719
2026-09-10,-0.0058655046,0.0011333333,-0.0004000000,-0.0004000000,0.0016553510,0.0628599076
2026-09-11,0.0085621049,0.0002000000,-0.0009000000,-0.0001000000,0.0011333470,-0.0224574953
